user_id,course_id,rating
1,59,4
1,2,1
1,141,1
1,139,5
1,61,2
1,67,5
1,125,1
1,19,1
1,83,3
1,121,5
1,47,4
1,97,3
1,88,5
1,133,2
1,75,5
1,131,1
1,43,4
1,117,2
1,144,1
1,29,5
2,108,4
2,5,3
2,72,5
2,129,4
2,41,1
2,16,1
2,69,1
2,74,4
2,71,3
2,2,5
2,70,4
2,105,5
2,106,5
2,134,3
2,33,3
2,86,4
2,109,2
2,125,1
2,37,1
2,20,4
3,127,4
3,110,2
3,41,4
3,60,5
3,102,1
3,31,3
3,116,5
3,117,1
3,89,3
3,9,2
3,24,1
3,51,5
3,96,4
3,2,4
3,118,2
3,42,4
3,21,3
3,136,5
3,14,4
3,75,3
4,11,2
4,110,5
4,61,4
4,45,5
4,117,5
4,89,1
4,100,2
4,49,1
4,75,1
4,139,3
4,60,2
4,25,4
4,9,2
4,63,2
4,71,2
4,108,3
4,101,4
4,81,2
4,27,4
4,114,4
5,75,3
5,16,5
5,18,1
5,63,1
5,140,2
5,62,3
5,64,1
5,144,2
5,133,4
5,138,1
5,51,4
5,96,1
5,93,1
5,4,2
5,59,2
5,103,4
5,100,4
5,34,2
5,68,1
5,9,1
6,11,1
6,122,1
6,77,5
6,65,2
6,93,4
6,33,2
6,87,5
6,15,3
6,105,5
6,59,2
6,37,2
6,134,5
6,144,2
6,81,5
6,60,5
6,46,3
6,92,4
6,17,4
6,106,3
6,120,3
7,84,4
7,91,3
7,76,1
7,116,2
7,117,2
7,110,5
7,18,2
7,2,2
7,27,3
7,49,5
7,82,2
7,126,5
7,127,4
7,34,1
7,56,5
7,16,2
7,101,3
7,1,3
7,130,4
7,139,5
8,29,4
8,45,4
8,113,4
8,16,5
8,1,5
8,50,4
8,17,2
8,118,4
8,51,1
8,141,2
8,108,5
8,126,5
8,86,2
8,13,5
8,96,2
8,117,4
8,62,4
8,84,3
8,99,4
8,88,5
9,134,3
9,12,5
9,93,2
9,56,3
9,15,5
9,40,5
9,45,2
9,23,2
9,91,1
9,111,4
9,4,5
9,65,1
9,96,2
9,24,1
9,26,5
9,109,3
9,38,5
9,81,4
9,106,4
9,17,2
10,138,1
10,103,2
10,71,1
10,53,4
10,135,5
10,25,4
10,126,3
10,6,2
10,76,1
10,98,4
10,107,2
10,91,1
10,43,1
10,37,5
10,78,3
10,2,4
10,104,1
10,86,3
10,41,2
10,102,1
11,119,2
11,38,1
11,14,1
11,81,3
11,143,3
11,136,4
11,91,2
11,97,4
11,30,1
11,23,4
11,130,1
11,126,4
11,85,4
11,94,4
11,83,2
11,27,4
11,36,2
11,3,5
11,7,5
11,131,1
12,20,4
12,85,1
12,134,2
12,91,2
12,33,5
12,54,4
12,28,1
12,68,3
12,57,1
12,87,5
12,22,4
12,130,3
12,137,2
12,51,4
12,35,5
12,109,5
12,96,2
12,25,4
12,89,4
12,43,5
13,31,2
13,81,4
13,11,5
13,95,4
13,125,1
13,29,2
13,71,5
13,65,4
13,124,1
13,9,2
13,66,4
13,138,2
13,79,2
13,10,2
13,134,2
13,48,5
13,121,3
13,8,1
13,140,1
13,117,1
14,23,4
14,46,2
14,140,4
14,61,1
14,97,3
14,73,2
14,66,1
14,41,2
14,115,2
14,39,2
14,96,3
14,80,5
14,2,2
14,135,5
14,85,1
14,83,1
14,57,2
14,138,4
14,143,5
14,10,3
15,7,4
15,55,1
15,10,1
15,61,1
15,1,5
15,22,4
15,95,2
15,102,4
15,136,3
15,103,5
15,124,2
15,50,4
15,85,3
15,52,5
15,41,5
15,133,3
15,123,2
15,28,5
15,34,5
15,90,4
16,133,3
16,140,3
16,88,2
16,26,4
16,106,3
16,130,2
16,45,5
16,144,3
16,120,1
16,7,5
16,66,4
16,79,5
16,74,1
16,134,5
16,138,3
16,32,3
16,114,3
16,40,3
16,46,4
16,63,1
17,71,3
17,128,1
17,43,5
17,11,1
17,99,5
17,53,3
17,143,5
17,75,1
17,131,2
17,139,1
17,84,3
17,108,4
17,69,4
17,55,5
17,123,3
17,72,3
17,138,4
17,107,5
17,65,4
17,34,5
18,26,5
18,32,2
18,129,4
18,143,3
18,39,5
18,87,4
18,120,4
18,136,3
18,91,2
18,116,5
18,125,4
18,105,5
18,79,3
18,133,2
18,64,2
18,12,1
18,17,3
18,31,1
18,93,3
18,45,5
19,127,4
19,143,1
19,41,2
19,139,2
19,23,1
19,110,1
19,53,4
19,47,2
19,31,2
19,116,1
19,52,5
19,56,5
19,100,2
19,76,4
19,68,1
19,16,1
19,50,5
19,67,2
19,3,1
19,40,4
20,54,2
20,93,2
20,127,1
20,128,3
20,16,5
20,41,1
20,3,2
20,126,1
20,17,1
20,47,2
20,61,1
20,125,1
20,129,2
20,67,4
20,25,5
20,90,4
20,139,2
20,27,4
20,68,3
20,40,5
21,138,3
21,92,4
21,29,5
21,134,4
21,49,1
21,13,2
21,142,1
21,107,3
21,41,1
21,106,5
21,137,2
21,113,3
21,115,5
21,117,2
21,14,5
21,55,4
21,56,1
21,101,2
21,68,5
21,60,3
22,16,1
22,86,4
22,134,4
22,37,2
22,29,1
22,130,3
22,120,4
22,89,3
22,144,5
22,35,4
22,11,3
22,61,3
22,45,4
22,140,2
22,105,4
22,118,4
22,46,4
22,126,5
22,51,2
22,38,2
23,38,1
23,144,5
23,124,5
23,111,2
23,98,5
23,104,2
23,99,5
23,69,4
23,113,3
23,105,4
23,58,3
23,132,5
23,55,1
23,71,2
23,131,4
23,22,3
23,3,5
23,16,4
23,44,2
23,119,2
24,43,2
24,124,2
24,111,3
24,90,2
24,62,2
24,91,1
24,32,2
24,110,3
24,34,5
24,35,4
24,98,4
24,23,2
24,14,5
24,74,3
24,144,1
24,37,4
24,107,3
24,10,5
24,63,3
24,41,1
25,31,4
25,1,5
25,32,1
25,7,2
25,35,4
25,45,1
25,110,2
25,77,5
25,40,4
25,124,2
25,8,2
25,126,3
25,46,2
25,93,2
25,80,5
25,29,3
25,139,1
25,70,2
25,25,4
25,61,1
26,88,4
26,34,4
26,112,1
26,121,1
26,7,2
26,24,4
26,15,2
26,131,1
26,79,4
26,29,3
26,61,4
26,70,1
26,119,5
26,44,1
26,108,2
26,64,4
26,63,5
26,12,4
26,10,1
26,141,4
27,129,4
27,127,2
27,3,4
27,44,2
27,10,2
27,75,1
27,2,3
27,51,4
27,93,1
27,74,5
27,59,5
27,132,3
27,52,4
27,48,1
27,82,1
27,96,1
27,4,5
27,138,2
27,113,1
27,71,1
28,113,4
28,85,3
28,9,4
28,34,4
28,90,4
28,130,2
28,27,2
28,114,5
28,81,4
28,105,2
28,99,1
28,137,1
28,61,2
28,47,2
28,91,5
28,21,4
28,73,3
28,28,3
28,80,3
28,43,2
29,6,4
29,61,4
29,105,3
29,128,2
29,124,1
29,5,4
29,132,2
29,42,4
29,14,4
29,81,2
29,21,5
29,4,4
29,73,4
29,135,1
29,118,3
29,136,4
29,79,1
29,140,2
29,133,1
29,107,2
30,130,5
30,137,2
30,35,1
30,125,5
30,7,1
30,116,5
30,97,5
30,5,2
30,77,2
30,138,3
30,114,5
30,142,1
30,10,2
30,25,5
30,74,3
30,31,4
30,30,5
30,113,5
30,48,4
30,3,3
31,143,3
31,83,5
31,79,2
31,91,1
31,90,1
31,123,1
31,114,2
31,47,4
31,116,4
31,135,5
31,15,4
31,31,4
31,51,3
31,48,4
31,80,4
31,122,5
31,82,5
31,54,5
31,35,5
31,95,2
32,9,3
32,37,1
32,104,2
32,86,3
32,116,3
32,93,3
32,89,5
32,42,4
32,6,5
32,73,2
32,22,5
32,11,4
32,123,1
32,43,1
32,26,4
32,128,5
32,88,2
32,15,5
32,74,3
32,143,5
33,49,3
33,59,5
33,114,1
33,121,3
33,137,1
33,127,4
33,71,2
33,41,1
33,70,2
33,113,1
33,23,1
33,60,3
33,130,1
33,55,4
33,43,1
33,39,5
33,67,2
33,89,1
33,84,2
33,132,3
34,62,2
34,25,1
34,21,3
34,132,4
34,57,4
34,55,5
34,23,4
34,52,1
34,35,3
34,135,5
34,13,2
34,66,1
34,17,1
34,144,5
34,126,4
34,119,3
34,61,2
34,86,4
34,47,1
34,129,4
35,144,1
35,34,3
35,123,2
35,92,3
35,19,2
35,98,3
35,126,5
35,57,4
35,119,5
35,30,1
35,97,1
35,77,5
35,96,1
35,138,2
35,89,4
35,122,3
35,59,5
35,116,4
35,10,5
35,95,4
36,101,5
36,118,5
36,120,4
36,9,3
36,31,1
36,68,5
36,134,2
36,7,1
36,91,5
36,110,3
36,65,4
36,95,1
36,107,1
36,74,2
36,142,5
36,109,5
36,127,3
36,78,5
36,27,4
36,96,1
37,55,1
37,8,5
37,88,4
37,48,1
37,26,2
37,105,5
37,38,2
37,21,1
37,89,1
37,61,1
37,19,1
37,18,1
37,75,2
37,103,4
37,36,2
37,42,2
37,39,4
37,133,2
37,22,1
37,121,3
38,136,5
38,22,2
38,128,5
38,132,5
38,85,5
38,39,2
38,48,1
38,141,2
38,106,3
38,117,2
38,74,4
38,57,1
38,90,1
38,77,3
38,81,5
38,1,4
38,93,2
38,4,4
38,127,5
38,43,2
39,60,1
39,29,3
39,9,4
39,2,3
39,72,1
39,47,1
39,143,2
39,115,2
39,112,2
39,43,2
39,132,5
39,100,3
39,136,5
39,37,3
39,113,2
39,95,2
39,62,5
39,133,5
39,69,2
39,44,2
40,80,4
40,86,5
40,38,3
40,42,2
40,73,4
40,47,2
40,94,2
40,28,1
40,92,1
40,81,5
40,32,5
40,20,1
40,79,5
40,15,5
40,19,1
40,82,4
40,75,4
40,127,2
40,46,2
40,48,1
41,140,4
41,7,4
41,83,2
41,13,4
41,144,4
41,80,3
41,38,5
41,54,4
41,33,4
41,119,3
41,31,1
41,39,2
41,66,4
41,56,2
41,92,3
41,17,4
41,77,5
41,128,1
41,35,3
41,122,1
42,132,4
42,131,1
42,96,2
42,44,1
42,20,1
42,16,5
42,137,2
42,130,1
42,123,4
42,104,5
42,107,5
42,135,4
42,39,4
42,3,4
42,138,1
42,9,5
42,56,2
42,67,2
42,82,2
42,53,1
43,55,2
43,105,4
43,69,5
43,23,1
43,119,4
43,129,3
43,70,4
43,31,1
43,126,3
43,130,3
43,18,1
43,66,2
43,19,3
43,94,1
43,142,3
43,102,5
43,135,1
43,32,3
43,93,5
43,84,4
44,14,5
44,42,5
44,116,3
44,100,3
44,54,5
44,105,3
44,123,3
44,53,3
44,44,4
44,83,4
44,26,3
44,121,4
44,17,5
44,50,5
44,22,5
44,73,1
44,11,4
44,89,5
44,33,4
44,24,4
45,45,1
45,141,4
45,47,4
45,10,5
45,72,4
45,136,4
45,77,3
45,97,1
45,99,4
45,118,3
45,32,5
45,58,5
45,56,4
45,34,2
45,144,1
45,101,3
45,43,3
45,127,3
45,6,2
45,83,4
46,17,2
46,98,2
46,48,4
46,24,2
46,46,5
46,112,2
46,67,2
46,44,4
46,66,5
46,86,5
46,60,2
46,130,2
46,92,1
46,33,5
46,26,5
46,102,4
46,144,2
46,56,1
46,109,3
46,114,2
47,131,5
47,138,4
47,1,5
47,5,3
47,115,2
47,70,4
47,128,4
47,97,5
47,74,4
47,20,1
47,34,3
47,36,2
47,95,1
47,77,4
47,126,4
47,50,2
47,112,2
47,13,4
47,114,4
47,48,4
48,104,2
48,31,4
48,32,4
48,34,4
48,134,4
48,131,2
48,87,4
48,62,3
48,14,2
48,64,1
48,78,3
48,73,1
48,41,1
48,51,2
48,123,5
48,110,5
48,76,3
48,30,4
48,69,2
48,9,4
49,82,4
49,142,2
49,76,3
49,125,1
49,141,5
49,81,2
49,52,4
49,107,4
49,72,2
49,103,5
49,109,5
49,101,4
49,114,5
49,67,3
49,7,1
49,75,2
49,57,2
49,4,2
49,127,4
49,78,4
50,66,4
50,129,4
50,135,2
50,12,4
50,41,1
50,85,2
50,88,2
50,126,1
50,46,4
50,19,3
50,7,3
50,112,4
50,137,1
50,92,3
50,26,2
50,61,5
50,1,5
50,47,4
50,39,2
50,63,1
51,45,4
51,61,4
51,109,5
51,96,4
51,108,5
51,29,3
51,103,4
51,50,4
51,39,2
51,111,5
51,113,4
51,53,2
51,10,2
51,112,2
51,139,4
51,98,5
51,51,4
51,99,4
51,140,5
51,124,1
52,123,5
52,86,2
52,10,3
52,38,1
52,46,2
52,98,2
52,33,2
52,128,3
52,44,2
52,78,1
52,68,1
52,30,2
52,69,1
52,120,2
52,64,4
52,129,1
52,24,1
52,2,2
52,141,1
52,43,1
53,92,2
53,103,4
53,60,3
53,93,2
53,99,1
53,91,4
53,128,5
53,130,4
53,41,4
53,27,4
53,135,5
53,114,2
53,67,4
53,54,2
53,95,1
53,46,1
53,13,4
53,12,3
53,32,5
53,132,4
54,56,3
54,67,3
54,49,1
54,10,1
54,57,5
54,84,5
54,27,5
54,8,5
54,4,2
54,63,1
54,76,2
54,127,1
54,37,4
54,52,4
54,61,5
54,118,3
54,68,3
54,108,1
54,87,5
54,85,5
55,25,3
55,133,3
55,50,5
55,92,5
55,19,1
55,122,2
55,4,5
55,87,4
55,142,2
55,125,5
55,105,4
55,73,4
55,17,5
55,61,5
55,140,5
55,15,1
55,3,2
55,99,5
55,14,5
55,117,4
56,142,5
56,15,4
56,110,4
56,119,1
56,10,5
56,143,3
56,55,2
56,4,5
56,73,1
56,96,1
56,123,5
56,107,2
56,65,3
56,67,1
56,51,5
56,39,3
56,3,4
56,129,1
56,20,5
56,66,2
57,76,2
57,12,5
57,16,5
57,72,3
57,30,4
57,114,3
57,61,5
57,11,4
57,60,5
57,39,2
57,90,5
57,32,5
57,119,3
57,138,3
57,115,4
57,80,2
57,113,5
57,108,3
57,23,4
57,116,1
58,77,5
58,101,3
58,3,4
58,104,3
58,18,1
58,83,2
58,23,1
58,12,3
58,143,1
58,47,2
58,85,5
58,108,3
58,124,4
58,79,1
58,110,2
58,93,2
58,128,4
58,115,2
58,71,1
58,38,3
59,10,1
59,50,3
59,77,1
59,72,1
59,116,2
59,92,2
59,62,4
59,4,3
59,125,5
59,36,4
59,71,2
59,41,1
59,16,1
59,54,3
59,3,3
59,90,1
59,120,1
59,103,4
59,37,3
59,67,1
60,39,1
60,90,1
60,135,2
60,35,4
60,85,3
60,72,3
60,58,2
60,109,2
60,68,5
60,41,4
60,142,1
60,139,5
60,47,4
60,29,5
60,31,2
60,50,2
60,21,5
60,67,2
60,64,1
60,87,2
61,129,4
61,52,4
61,139,5
61,53,5
61,35,1
61,3,2
61,122,4
61,138,2
61,137,3
61,132,2
61,33,3
61,91,4
61,15,5
61,88,5
61,50,2
61,116,3
61,107,1
61,92,5
61,103,5
61,84,5
62,14,3
62,49,5
62,60,3
62,7,2
62,76,4
62,89,1
62,105,5
62,32,1
62,141,2
62,23,2
62,131,5
62,41,1
62,50,2
62,127,5
62,33,5
62,17,1
62,142,2
62,20,2
62,3,4
62,56,1
63,93,5
63,122,4
63,30,5
63,90,4
63,7,4
63,94,5
63,109,1
63,92,5
63,49,1
63,63,3
63,16,2
63,119,2
63,37,2
63,117,4
63,129,5
63,59,5
63,139,5
63,134,5
63,57,4
63,58,3
64,115,4
64,76,2
64,18,4
64,113,2
64,90,3
64,62,4
64,78,5
64,12,4
64,41,5
64,144,2
64,129,3
64,51,4
64,50,3
64,91,2
64,135,5
64,128,5
64,3,2
64,81,5
64,83,4
64,79,5
65,144,3
65,56,1
65,3,5
65,104,3
65,40,1
65,82,2
65,20,5
65,92,5
65,84,4
65,103,1
65,78,2
65,88,1
65,42,4
65,35,5
65,101,3
65,81,3
65,95,4
65,123,1
65,9,5
65,75,3
66,5,3
66,102,4
66,116,1
66,70,5
66,78,1
66,95,4
66,49,4
66,48,4
66,58,3
66,114,5
66,14,5
66,87,2
66,141,3
66,117,1
66,137,3
66,16,1
66,72,3
66,45,5
66,135,3
66,37,5
67,132,3
67,33,4
67,38,3
67,39,1
67,125,2
67,80,1
67,45,5
67,86,4
67,30,2
67,99,5
67,143,5
67,121,5
67,133,1
67,135,3
67,66,1
67,131,3
67,71,4
67,47,4
67,2,5
67,57,5
68,143,1
68,90,5
68,95,2
68,50,5
68,52,5
68,44,5
68,13,2
68,114,1
68,49,4
68,29,5
68,144,3
68,47,5
68,61,3
68,2,2
68,109,1
68,32,4
68,42,5
68,116,1
68,5,4
68,14,2
69,117,2
69,119,1
69,45,1
69,115,2
69,28,5
69,92,2
69,2,3
69,91,1
69,48,1
69,100,1
69,95,2
69,88,5
69,41,2
69,20,2
69,70,2
69,18,2
69,105,2
69,97,2
69,54,2
69,124,2
70,116,4
70,19,3
70,11,3
70,61,4
70,103,4
70,42,4
70,37,5
70,91,2
70,67,1
70,106,2
70,83,4
70,26,5
70,54,4
70,46,5
70,20,2
70,65,4
70,84,3
70,49,4
70,92,4
70,18,1
71,30,3
71,22,4
71,130,5
71,54,2
71,142,3
71,103,4
71,16,5
71,41,3
71,29,1
71,58,5
71,42,5
71,134,5
71,89,3
71,107,4
71,113,5
71,126,5
71,137,2
71,94,5
71,63,4
71,53,1
72,74,2
72,30,1
72,23,4
72,107,5
72,32,4
72,115,2
72,132,4
72,66,1
72,88,4
72,57,5
72,58,3
72,84,1
72,110,5
72,72,4
72,97,5
72,54,3
72,113,5
72,63,1
72,134,4
72,10,1
73,39,1
73,36,3
73,101,2
73,56,4
73,143,1
73,78,5
73,20,1
73,43,1
73,63,2
73,124,3
73,26,1
73,81,5
73,13,3
73,135,1
73,52,2
73,93,2
73,15,4
73,111,5
73,113,1
73,98,1
74,23,1
74,143,2
74,5,4
74,6,5
74,80,3
74,96,1
74,9,4
74,45,2
74,134,2
74,74,5
74,125,5
74,78,5
74,94,1
74,132,5
74,39,5
74,38,3
74,28,1
74,139,1
74,87,4
74,65,1
75,45,5
75,118,1
75,10,4
75,103,2
75,79,5
75,84,5
75,1,5
75,78,2
75,131,5
75,114,5
75,123,1
75,113,2
75,56,5
75,88,5
75,130,2
75,68,5
75,64,4
75,3,4
75,93,2
75,50,2
76,13,4
76,111,2
76,78,3
76,37,1
76,107,5
76,52,2
76,8,4
76,30,5
76,3,4
76,40,5
76,50,2
76,118,1
76,63,5
76,10,5
76,59,2
76,38,2
76,75,4
76,144,2
76,132,3
76,54,2
77,144,3
77,71,5
77,68,4
77,72,5
77,110,4
77,103,5
77,95,3
77,77,2
77,19,2
77,70,5
77,107,1
77,133,5
77,88,1
77,120,1
77,97,1
77,111,1
77,112,4
77,119,5
77,64,5
77,26,1
78,45,5
78,86,5
78,136,1
78,106,4
78,12,5
78,99,4
78,128,5
78,57,1
78,72,2
78,4,1
78,11,3
78,115,1
78,21,3
78,61,5
78,27,4
78,50,5
78,127,2
78,35,4
78,103,5
78,134,2
79,20,1
79,123,2
79,108,1
79,99,2
79,30,1
79,105,1
79,71,1
79,18,1
79,5,3
79,102,5
79,92,1
79,119,1
79,51,4
79,129,1
79,72,2
79,40,4
79,118,1
79,77,5
79,70,2
79,83,5
80,59,1
80,104,4
80,138,2
80,132,1
80,70,2
80,129,2
80,24,1
80,91,4
80,94,4
80,73,4
80,29,5
80,112,5
80,142,4
80,23,1
80,143,3
80,6,5
80,42,4
80,131,1
80,81,5
80,134,3
81,105,5
81,81,1
81,116,2
81,45,4
81,93,1
81,123,4
81,66,4
81,26,1
81,115,4
81,1,2
81,10,2
81,68,5
81,108,4
81,127,1
81,52,4
81,23,1
81,110,5
81,77,4
81,33,1
81,137,5
82,5,2
82,11,5
82,18,3
82,117,1
82,137,4
82,77,2
82,63,4
82,140,1
82,99,1
82,92,4
82,34,3
82,12,5
82,51,5
82,49,4
82,116,2
82,3,3
82,53,4
82,60,5
82,103,4
82,44,2
83,89,5
83,88,4
83,35,2
83,94,5
83,73,5
83,2,5
83,79,4
83,23,1
83,74,5
83,123,5
83,4,3
83,33,2
83,82,4
83,6,3
83,71,4
83,52,3
83,130,2
83,100,4
83,144,4
83,36,1
84,17,4
84,70,5
84,38,5
84,18,5
84,42,4
84,48,3
84,60,4
84,100,3
84,51,5
84,93,5
84,71,5
84,24,4
84,6,5
84,79,3
84,50,3
84,36,2
84,40,2
84,109,1
84,5,5
84,119,1
85,124,5
85,128,3
85,68,3
85,12,2
85,89,3
85,91,5
85,139,5
85,58,3
85,121,1
85,135,3
85,43,5
85,34,4
85,14,2
85,140,3
85,57,4
85,141,3
85,129,3
85,39,5
85,2,1
85,85,5
86,38,4
86,48,4
86,87,3
86,84,5
86,130,5
86,32,4
86,82,3
86,141,2
86,51,3
86,58,5
86,139,4
86,42,4
86,125,3
86,22,3
86,90,4
86,142,5
86,140,2
86,40,5
86,108,1
86,13,2
87,127,5
87,108,5
87,122,4
87,82,1
87,20,5
87,110,3
87,55,2
87,66,2
87,116,4
87,25,5
87,63,1
87,51,1
87,19,4
87,130,4
87,18,5
87,94,3
87,84,3
87,79,1
87,56,2
87,22,1
88,31,2
88,81,5
88,102,5
88,33,3
88,39,1
88,67,3
88,15,3
88,29,5
88,139,1
88,82,5
88,45,5
88,130,5
88,1,4
88,124,1
88,5,4
88,91,5
88,18,3
88,88,5
88,132,5
88,43,5
89,6,2
89,136,1
89,138,3
89,73,4
89,20,4
89,53,4
89,143,5
89,44,1
89,7,1
89,4,2
89,130,4
89,2,3
89,36,1
89,39,5
89,69,5
89,79,5
89,87,4
89,82,5
89,40,4
89,12,4
90,66,2
90,49,4
90,111,4
90,67,2
90,24,2
90,52,4
90,89,1
90,132,4
90,98,4
90,108,3
90,82,3
90,143,2
90,105,1
90,11,3
90,127,5
90,56,5
90,58,5
90,74,1
90,91,2
90,92,1
91,74,5
91,137,2
91,88,1
91,52,5
91,132,1
91,100,4
91,24,5
91,84,4
91,134,5
91,76,3
91,17,5
91,55,3
91,129,3
91,120,5
91,72,2
91,119,1
91,111,4
91,6,4
91,128,4
91,30,1
92,103,2
92,30,1
92,64,4
92,120,1
92,58,4
92,138,1
92,144,2
92,17,3
92,117,4
92,126,1
92,92,3
92,11,4
92,36,4
92,44,3
92,40,1
92,37,4
92,20,5
92,122,1
92,95,2
92,61,5
93,41,1
93,122,4
93,99,3
93,27,1
93,136,5
93,29,4
93,124,5
93,110,5
93,95,3
93,39,5
93,78,5
93,16,3
93,47,3
93,9,2
93,134,5
93,127,5
93,118,2
93,42,1
93,141,4
93,51,5
94,66,1
94,1,4
94,13,4
94,7,5
94,92,2
94,4,4
94,51,1
94,83,1
94,105,5
94,138,1
94,57,1
94,73,4
94,76,5
94,77,5
94,91,2
94,58,5
94,50,1
94,108,5
94,42,1
94,48,1
95,75,1
95,124,5
95,112,1
95,139,1
95,132,1
95,52,2
95,137,2
95,13,5
95,51,3
95,101,3
95,106,2
95,111,1
95,104,3
95,125,2
95,55,1
95,15,4
95,89,1
95,109,4
95,67,1
95,18,1
96,26,3
96,37,3
96,8,1
96,40,3
96,7,4
96,54,4
96,73,5
96,84,5
96,14,2
96,55,2
96,29,3
96,120,1
96,2,1
96,128,1
96,42,1
96,144,1
96,94,1
96,46,2
96,5,3
96,52,4
97,124,2
97,130,5
97,79,5
97,88,4
97,102,3
97,115,3
97,73,3
97,138,1
97,64,1
97,24,3
97,106,1
97,144,1
97,70,2
97,104,5
97,140,2
97,63,4
97,51,3
97,107,5
97,110,4
97,94,5
98,58,2
98,130,4
98,122,4
98,55,3
98,40,2
98,120,2
98,20,1
98,11,1
98,74,3
98,65,1
98,73,3
98,95,1
98,124,4
98,45,2
98,112,1
98,109,1
98,32,4
98,90,1
98,62,5
98,121,4
99,64,3
99,123,2
99,108,2
99,107,1
99,22,4
99,55,3
99,9,4
99,116,5
99,70,1
99,62,2
99,137,4
99,7,5
99,106,4
99,133,5
99,84,3
99,1,4
99,109,3
99,54,3
99,83,1
99,45,2
100,65,5
100,98,2
100,124,4
100,24,3
100,109,4
100,47,1
100,96,4
100,129,1
100,89,4
100,123,4
100,99,4
100,110,5
100,7,3
100,50,2
100,20,1
100,37,5
100,35,2
100,15,3
100,112,4
100,138,4
101,51,4
101,77,1
101,42,5
101,131,2
101,123,5
101,28,4
101,71,5
101,78,3
101,76,2
101,2,2
101,60,3
101,37,4
101,107,1
101,64,2
101,18,4
101,97,5
101,33,4
101,90,2
101,142,1
101,112,5
102,78,4
102,46,1
102,141,2
102,93,3
102,84,3
102,52,4
102,122,4
102,24,1
102,127,2
102,53,5
102,4,2
102,128,3
102,14,2
102,114,5
102,68,5
102,48,2
102,92,1
102,101,5
102,77,2
102,50,4
103,44,3
103,48,2
103,81,4
103,112,1
103,41,4
103,76,5
103,55,4
103,45,3
103,132,4
103,10,3
103,25,1
103,60,1
103,9,5
103,49,3
103,31,3
103,111,2
103,33,4
103,128,4
103,46,5
103,123,4
104,129,5
104,72,5
104,64,5
104,35,5
104,50,5
104,86,4
104,128,4
104,125,4
104,43,5
104,2,1
104,63,1
104,59,1
104,97,3
104,90,4
104,141,4
104,120,1
104,82,4
104,18,1
104,98,3
104,30,4
105,5,5
105,114,1
105,63,5
105,103,1
105,120,1
105,132,1
105,79,3
105,115,2
105,11,5
105,96,1
105,25,1
105,80,4
105,85,1
105,77,1
105,83,4
105,44,2
105,81,4
105,121,3
105,69,1
105,93,2
106,55,5
106,57,4
106,108,3
106,30,3
106,126,4
106,113,1
106,83,4
106,49,5
106,102,1
106,110,2
106,5,1
106,116,2
106,2,2
106,77,3
106,80,5
106,37,5
106,20,2
106,4,5
106,27,3
106,35,1
107,76,4
107,135,4
107,108,3
107,119,2
107,46,2
107,129,5
107,36,2
107,94,2
107,21,1
107,56,5
107,61,1
107,123,5
107,30,4
107,124,4
107,132,5
107,143,1
107,63,2
107,80,4
107,93,2
107,144,2
108,9,1
108,40,1
108,35,4
108,89,2
108,143,5
108,99,5
108,77,4
108,31,5
108,122,2
108,134,3
108,84,1
108,54,1
108,18,1
108,83,4
108,11,2
108,70,2
108,86,3
108,98,5
108,64,1
108,69,4
109,82,5
109,6,5
109,46,2
109,57,5
109,10,3
109,32,2
109,40,3
109,85,5
109,86,4
109,62,4
109,38,5
109,135,3
109,39,4
109,69,4
109,132,3
109,143,3
109,21,3
109,100,5
109,133,4
109,79,4
110,118,5
110,90,4
110,24,5
110,63,4
110,107,2
110,19,4
110,73,2
110,10,4
110,50,5
110,11,5
110,4,3
110,13,3
110,27,5
110,18,3
110,52,4
110,42,3
110,62,4
110,16,4
110,109,3
110,55,4
111,106,2
111,59,1
111,2,3
111,19,2
111,98,5
111,40,5
111,22,1
111,132,4
111,75,2
111,53,3
111,78,5
111,96,1
111,89,1
111,139,2
111,104,1
111,125,4
111,51,2
111,142,1
111,108,1
111,117,2
112,8,5
112,130,4
112,56,3
112,95,5
112,108,5
112,39,1
112,76,1
112,21,4
112,121,4
112,114,5
112,113,2
112,77,1
112,86,3
112,41,1
112,40,4
112,140,2
112,98,1
112,135,2
112,60,1
112,91,4
113,116,2
113,88,2
113,30,3
113,79,1
113,69,1
113,59,4
113,131,2
113,128,1
113,61,2
113,40,3
113,62,4
113,120,2
113,56,2
113,47,2
113,118,2
113,11,4
113,104,5
113,74,5
113,21,2
113,49,5
114,40,4
114,142,2
114,132,1
114,104,2
114,23,1
114,130,3
114,92,1
114,90,2
114,108,2
114,74,2
114,144,1
114,123,1
114,139,1
114,84,3
114,76,2
114,80,3
114,93,2
114,85,4
114,4,5
114,35,4
115,63,5
115,51,4
115,71,5
115,22,5
115,37,5
115,123,3
115,125,4
115,26,3
115,79,3
115,27,3
115,88,5
115,116,5
115,103,5
115,144,2
115,132,2
115,68,3
115,140,2
115,124,3
115,59,2
115,24,4
116,58,5
116,15,4
116,117,1
116,94,2
116,64,4
116,142,3
116,32,4
116,100,2
116,11,5
116,79,4
116,31,4
116,126,1
116,102,3
116,105,2
116,2,4
116,12,2
116,56,5
116,138,5
116,20,1
116,122,4
117,78,2
117,77,1
117,110,5
117,93,4
117,62,1
117,6,2
117,18,5
117,133,5
117,11,3
117,76,2
117,102,2
117,16,3
117,3,3
117,131,4
117,63,5
117,65,3
117,113,4
117,122,1
117,143,3
117,101,4
118,59,4
118,51,3
118,87,2
118,84,5
118,144,5
118,90,3
118,52,1
118,94,3
118,53,2
118,3,3
118,23,4
118,83,2
118,120,5
118,104,2
118,45,5
118,76,4
118,86,1
118,22,1
118,143,2
118,18,2
119,59,4
119,21,4
119,10,4
119,116,3
119,32,4
119,88,3
119,41,1
119,34,2
119,85,5
119,37,2
119,107,2
119,38,2
119,68,3
119,101,4
119,22,5
119,100,4
119,79,5
119,102,1
119,49,3
119,23,2
120,4,2
120,64,5
120,8,3
120,106,5
120,130,4
120,142,4
120,115,5
120,27,2
120,85,4
120,56,5
120,88,5
120,38,3
120,70,5
120,128,2
120,76,3
120,120,5
120,13,2
120,26,4
120,61,4
120,50,5
121,58,5
121,17,2
121,120,1
121,141,2
121,49,2
121,85,4
121,43,2
121,28,1
121,2,3
121,130,5
121,124,3
121,133,4
121,86,5
121,84,4
121,104,1
121,132,1
121,108,2
121,128,5
121,16,4
121,87,4
122,7,5
122,138,1
122,130,4
122,51,3
122,88,5
122,123,2
122,72,1
122,28,3
122,50,3
122,111,5
122,37,4
122,54,4
122,91,2
122,84,4
122,105,3
122,112,3
122,22,1
122,124,4
122,78,1
122,87,1
123,96,3
123,81,3
123,112,1
123,144,4
123,21,3
123,91,5
123,89,1
123,42,5
123,22,5
123,18,3
123,76,2
123,38,1
123,51,1
123,39,2
123,70,2
123,17,5
123,137,4
123,101,1
123,92,1
123,57,3
124,89,1
124,77,1
124,47,1
124,88,5
124,37,5
124,76,4
124,119,2
124,20,2
124,96,1
124,126,1
124,3,1
124,50,2
124,116,1
124,103,5
124,112,4
124,134,3
124,25,3
124,7,3
124,115,1
124,135,1
125,53,4
125,43,1
125,33,5
125,112,5
125,115,3
125,107,5
125,6,4
125,139,5
125,114,4
125,131,3
125,64,5
125,29,2
125,80,4
125,128,1
125,79,3
125,38,4
125,132,4
125,3,5
125,20,4
125,56,4
126,69,3
126,140,3
126,131,1
126,62,3
126,17,1
126,116,3
126,120,1
126,48,5
126,113,4
126,73,5
126,86,4
126,118,1
126,78,5
126,84,3
126,21,4
126,122,4
126,98,4
126,144,1
126,87,2
126,33,4
127,138,2
127,91,1
127,60,4
127,36,2
127,14,1
127,61,5
127,74,4
127,20,1
127,5,1
127,104,5
127,78,5
127,99,2
127,44,1
127,71,2
127,108,3
127,135,1
127,40,3
127,105,1
127,15,1
127,1,4
128,67,1
128,26,4
128,85,4
128,140,1
128,7,2
128,134,4
128,132,2
128,46,2
128,119,4
128,53,5
128,94,2
128,50,4
128,47,4
128,31,1
128,110,4
128,103,4
128,76,4
128,133,5
128,112,4
128,37,5
129,47,4
129,55,5
129,5,3
129,140,1
129,139,4
129,128,5
129,53,5
129,13,4
129,112,3
129,107,2
129,115,2
129,29,5
129,10,3
129,83,5
129,14,2
129,21,2
129,31,5
129,32,4
129,66,5
129,122,5
130,128,2
130,61,4
130,82,4
130,107,3
130,76,2
130,22,2
130,48,2
130,69,5
130,55,5
130,89,5
130,42,5
130,9,4
130,115,2
130,14,2
130,118,3
130,21,3
130,105,5
130,131,2
130,32,3
130,123,2
131,136,1
131,129,3
131,18,5
131,131,2
131,47,4
131,138,2
131,105,2
131,12,2
131,10,4
131,141,3
131,94,3
131,86,1
131,48,5
131,7,4
131,139,4
131,39,4
131,98,3
131,49,5
131,53,1
131,57,1
132,127,5
132,38,2
132,129,1
132,102,5
132,128,1
132,9,1
132,120,1
132,12,5
132,5,5
132,24,3
132,41,3
132,135,2
132,142,2
132,93,1
132,136,3
132,119,5
132,20,3
132,2,5
132,34,5
132,123,2
133,59,5
133,74,5
133,83,3
133,96,2
133,32,4
133,65,2
133,68,2
133,28,5
133,9,4
133,92,1
133,60,4
133,80,3
133,25,5
133,112,1
133,8,1
133,55,5
133,23,2
133,115,1
133,63,5
133,45,1
134,74,1
134,73,5
134,104,1
134,59,2
134,137,3
134,102,5
134,41,1
134,97,5
134,135,3
134,92,4
134,11,5
134,27,3
134,31,5
134,121,5
134,80,3
134,36,1
134,108,2
134,105,4
134,29,1
134,142,4
135,127,4
135,68,4
135,110,5
135,62,5
135,123,4
135,86,3
135,30,4
135,99,5
135,125,5
135,74,1
135,119,1
135,89,5
135,13,4
135,79,2
135,37,5
135,103,1
135,11,4
135,106,2
135,59,5
135,5,5
136,94,5
136,90,3
136,4,3
136,118,2
136,86,1
136,7,5
136,63,3
136,69,4
136,126,4
136,102,4
136,1,5
136,36,4
136,13,4
136,139,4
136,92,5
136,88,4
136,123,5
136,16,5
136,54,4
136,8,3
137,10,4
137,133,3
137,76,2
137,31,2
137,72,3
137,93,3
137,67,5
137,65,3
137,71,2
137,62,5
137,94,3
137,98,5
137,52,4
137,88,2
137,110,2
137,40,1
137,47,2
137,61,1
137,136,3
137,85,3
138,100,5
138,10,4
138,15,5
138,19,4
138,33,1
138,53,2
138,17,5
138,5,4
138,69,2
138,28,2
138,138,1
138,35,4
138,80,3
138,75,4
138,127,3
138,58,1
138,115,5
138,27,3
138,61,5
138,143,4
139,121,1
139,125,1
139,71,1
139,35,1
139,60,3
139,62,2
139,115,2
139,39,5
139,11,4
139,136,1
139,8,3
139,61,3
139,43,1
139,112,4
139,55,3
139,36,4
139,45,2
139,19,1
139,122,5
139,95,1
140,61,1
140,130,5
140,92,5
140,71,2
140,41,2
140,29,2
140,19,3
140,50,5
140,25,1
140,137,4
140,116,1
140,129,4
140,17,2
140,81,2
140,35,2
140,138,4
140,15,2
140,85,2
140,105,2
140,82,1
141,94,1
141,14,5
141,97,4
141,134,3
141,85,3
141,29,4
141,51,5
141,50,3
141,40,4
141,107,5
141,86,4
141,13,5
141,53,5
141,67,5
141,55,1
141,105,5
141,137,2
141,1,5
141,78,1
141,30,5
142,57,4
142,47,1
142,131,1
142,96,1
142,3,5
142,33,2
142,19,2
142,123,3
142,9,5
142,141,1
142,115,2
142,112,1
142,17,2
142,92,2
142,100,1
142,107,3
142,144,1
142,28,3
142,16,5
142,76,4
143,63,4
143,52,5
143,130,2
143,101,4
143,47,3
143,26,4
143,44,3
143,35,5
143,116,1
143,82,1
143,64,5
143,139,2
143,132,4
143,92,5
143,3,5
143,15,4
143,138,2
143,108,1
143,141,4
143,79,4
144,118,1
144,124,2
144,114,2
144,55,5
144,122,3
144,82,3
144,2,2
144,128,4
144,36,4
144,101,2
144,125,2
144,115,2
144,116,1
144,56,5
144,85,2
144,12,1
144,93,2
144,44,1
144,141,1
144,71,1
145,105,5
145,41,1
145,64,2
145,101,5
145,42,2
145,24,4
145,39,3
145,68,4
145,49,2
145,95,4
145,50,1
145,90,4
145,106,5
145,11,1
145,123,3
145,20,5
145,25,5
145,83,4
145,85,5
145,115,3
146,12,4
146,125,2
146,67,1
146,6,1
146,10,4
146,60,2
146,37,4
146,38,4
146,75,4
146,1,3
146,51,2
146,91,3
146,18,4
146,120,5
146,44,1
146,73,3
146,45,1
146,31,3
146,115,5
146,93,3
147,66,5
147,113,1
147,107,5
147,76,3
147,57,5
147,46,1
147,115,3
147,69,4
147,78,4
147,29,4
147,102,5
147,91,4
147,24,3
147,126,5
147,141,4
147,44,5
147,61,4
147,127,5
147,82,3
147,43,2
148,65,5
148,108,4
148,117,1
148,10,4
148,90,4
148,119,5
148,89,5
148,38,5
148,11,5
148,56,5
148,14,2
148,97,4
148,57,3
148,64,2
148,22,4
148,74,5
148,47,4
148,99,5
148,107,2
148,40,4
149,125,4
149,73,1
149,4,1
149,143,2
149,127,4
149,102,3
149,144,1
149,111,4
149,16,2
149,38,4
149,31,1
149,93,2
149,115,1
149,21,1
149,105,4
149,53,5
149,22,2
149,106,1
149,46,1
149,129,5
150,124,4
150,17,2
150,12,2
150,99,5
150,22,4
150,68,5
150,137,4
150,71,2
150,141,5
150,64,4
150,92,4
150,72,4
150,2,5
150,51,2
150,30,3
150,50,5
150,130,5
150,42,4
150,60,4
150,65,4
151,95,3
151,36,5
151,106,1
151,39,4
151,30,4
151,9,3
151,110,4
151,79,2
151,37,5
151,131,3
151,1,3
151,90,2
151,49,5
151,118,1
151,113,2
151,65,3
151,41,4
151,94,5
151,44,5
151,130,2
152,132,1
152,78,2
152,31,4
152,56,4
152,123,3
152,57,3
152,112,4
152,91,2
152,102,4
152,34,2
152,33,3
152,46,2
152,14,2
152,131,2
152,51,3
152,142,1
152,41,1
152,95,1
152,92,2
152,100,4
153,138,5
153,64,5
153,121,2
153,119,5
153,1,4
153,45,5
153,19,3
153,60,2
153,126,1
153,2,3
153,109,4
153,135,5
153,85,1
153,46,5
153,49,4
153,44,2
153,42,3
153,56,3
153,123,1
153,39,2
154,94,2
154,86,5
154,114,2
154,64,3
154,78,5
154,56,5
154,19,2
154,21,2
154,23,1
154,75,5
154,20,2
154,51,4
154,136,4
154,131,2
154,123,1
154,55,3
154,41,2
154,103,5
154,87,4
154,142,2
155,4,1
155,12,3
155,98,5
155,10,1
155,108,5
155,51,3
155,27,3
155,70,5
155,103,5
155,29,3
155,30,4
155,62,3
155,133,1
155,87,4
155,137,4
155,14,5
155,24,3
155,120,4
155,41,2
155,9,1
156,113,2
156,46,3
156,3,2
156,82,5
156,83,5
156,53,5
156,124,4
156,95,4
156,123,2
156,69,3
156,2,4
156,72,5
156,55,1
156,25,4
156,131,3
156,18,2
156,22,5
156,94,5
156,16,2
156,107,3
157,66,1
157,142,1
157,101,2
157,116,2
157,35,3
157,77,4
157,39,5
157,53,5
157,99,4
157,5,1
157,61,4
157,126,2
157,110,3
157,113,1
157,30,3
157,23,1
157,95,1
157,109,1
157,103,3
157,6,4
158,62,5
158,138,3
158,7,2
158,75,5
158,17,2
158,104,4
158,113,1
158,60,4
158,21,4
158,15,3
158,134,5
158,5,5
158,18,1
158,33,2
158,9,1
158,118,3
158,83,3
158,90,5
158,86,5
158,48,1
159,54,2
159,37,4
159,130,5
159,74,4
159,5,3
159,100,3
159,21,2
159,83,1
159,92,1
159,143,2
159,132,4
159,116,2
159,14,1
159,142,2
159,50,1
159,110,2
159,2,5
159,7,1
159,123,5
159,29,5
160,41,4
160,11,5
160,90,4
160,136,1
160,140,5
160,35,4
160,13,5
160,91,5
160,68,5
160,69,1
160,79,4
160,33,4
160,92,1
160,19,4
160,109,5
160,99,3
160,62,5
160,105,2
160,127,1
160,25,4
161,53,5
161,132,1
161,14,3
161,137,2
161,82,2
161,139,2
161,56,3
161,105,5
161,130,5
161,104,4
161,61,3
161,40,1
161,29,3
161,125,5
161,121,1
161,101,4
161,41,2
161,51,4
161,124,1
161,57,4
162,106,2
162,77,2
162,98,5
162,25,1
162,31,1
162,124,4
162,142,1
162,6,5
162,40,5
162,49,4
162,115,1
162,103,1
162,52,4
162,38,1
162,21,2
162,42,1
162,48,1
162,108,2
162,56,5
162,67,1
163,85,3
163,122,3
163,79,5
163,99,4
163,92,3
163,26,4
163,33,5
163,20,4
163,25,3
163,43,3
163,21,5
163,97,1
163,44,2
163,75,1
163,138,3
163,139,2
163,142,2
163,66,2
163,53,2
163,128,1
164,97,2
164,70,1
164,46,5
164,4,1
164,40,4
164,68,2
164,102,2
164,55,3
164,51,5
164,103,2
164,140,4
164,130,5
164,71,2
164,122,3
164,81,2
164,109,4
164,10,2
164,139,4
164,80,2
164,126,5
165,112,1
165,32,4
165,84,5
165,36,4
165,77,4
165,48,5
165,50,5
165,18,3
165,15,4
165,25,3
165,111,3
165,119,1
165,127,3
165,52,1
165,110,3
165,76,5
165,136,2
165,5,1
165,130,2
165,129,2
166,125,4
166,10,3
166,22,3
166,20,5
166,46,5
166,18,4
166,15,2
166,71,4
166,36,5
166,99,1
166,64,1
166,70,3
166,43,4
166,34,5
166,65,5
166,126,2
166,45,5
166,59,2
166,17,1
166,29,5
167,138,4
167,67,4
167,17,1
167,78,2
167,96,2
167,34,5
167,16,2
167,84,5
167,64,5
167,98,4
167,110,3
167,60,5
167,89,2
167,70,4
167,127,3
167,10,2
167,114,2
167,142,1
167,74,2
167,12,1
168,60,4
168,67,2
168,100,3
168,89,1
168,18,1
168,131,4
168,69,2
168,129,4
168,40,4
168,71,2
168,7,5
168,138,2
168,90,2
168,12,4
168,140,1
168,70,1
168,108,2
168,136,3
168,34,4
168,35,5
169,93,3
169,26,4
169,88,5
169,99,4
169,110,4
169,2,3
169,19,1
169,123,1
169,126,5
169,6,3
169,129,2
169,108,5
169,33,4
169,43,4
169,101,4
169,103,1
169,64,1
169,105,3
169,18,2
169,69,4
170,31,1
170,3,4
170,104,5
170,71,2
170,59,1
170,61,3
170,78,1
170,60,4
170,27,1
170,37,4
170,109,2
170,54,2
170,92,2
170,24,2
170,15,4
170,115,1
170,11,5
170,51,1
170,110,4
170,140,2
171,121,2
171,104,2
171,96,1
171,8,5
171,63,4
171,88,5
171,126,3
171,100,5
171,95,2
171,7,4
171,142,1
171,78,4
171,82,3
171,60,4
171,94,2
171,31,1
171,33,1
171,16,2
171,119,5
171,42,2
172,82,4
172,100,5
172,86,4
172,34,2
172,109,2
172,81,4
172,45,2
172,70,5
172,16,1
172,6,1
172,52,3
172,90,4
172,135,4
172,43,3
172,133,1
172,132,5
172,122,1
172,113,2
172,141,4
172,27,3
173,27,2
173,88,5
173,102,4
173,4,2
173,129,1
173,16,1
173,134,5
173,55,3
173,139,2
173,14,2
173,133,1
173,79,5
173,112,5
173,122,4
173,98,2
173,28,5
173,63,5
173,141,5
173,62,1
173,132,3
174,29,4
174,135,4
174,109,2
174,96,5
174,98,2
174,43,3
174,101,4
174,51,1
174,125,2
174,118,4
174,11,4
174,16,5
174,53,3
174,34,5
174,88,1
174,127,3
174,87,5
174,102,1
174,15,5
174,113,4
175,35,4
175,105,3
175,52,4
175,47,1
175,9,2
175,21,2
175,5,5
175,139,2
175,69,2
175,61,4
175,92,2
175,124,2
175,132,3
175,15,1
175,19,1
175,144,2
175,20,2
175,43,2
175,118,1
175,89,2
176,19,1
176,105,5
176,44,1
176,72,2
176,103,5
176,58,1
176,116,1
176,140,5
176,10,5
176,84,2
176,45,2
176,36,5
176,79,3
176,97,4
176,96,1
176,4,5
176,70,2
176,65,2
176,46,5
176,54,2
177,125,5
177,98,4
177,48,2
177,114,2
177,40,2
177,119,2
177,66,1
177,80,1
177,58,3
177,15,5
177,121,5
177,142,2
177,65,2
177,111,5
177,132,2
177,50,2
177,17,1
177,29,1
177,10,1
177,90,2
178,57,1
178,74,3
178,34,5
178,68,4
178,80,2
178,65,3
178,31,4
178,7,5
178,78,4
178,109,3
178,138,4
178,139,4
178,122,3
178,45,2
178,36,2
178,111,4
178,116,2
178,79,5
178,114,4
178,66,1
179,144,4
179,46,1
179,7,2
179,129,5
179,38,3
179,43,5
179,16,4
179,92,5
179,78,3
179,24,2
179,70,2
179,75,3
179,22,2
179,137,4
179,51,1
179,9,4
179,8,1
179,100,2
179,130,4
179,39,4
180,24,4
180,81,5
180,111,4
180,9,5
180,94,5
180,57,5
180,27,3
180,84,5
180,68,5
180,63,4
180,119,4
180,133,4
180,25,1
180,105,5
180,67,2
180,85,5
180,117,3
180,3,4
180,49,4
180,115,3
181,141,2
181,53,2
181,73,4
181,76,5
181,22,5
181,120,4
181,54,4
181,100,5
181,29,4
181,60,3
181,129,1
181,63,5
181,69,3
181,130,5
181,135,2
181,101,5
181,64,4
181,9,1
181,126,2
181,44,4
182,35,5
182,18,2
182,95,5
182,69,2
182,129,5
182,15,4
182,20,3
182,74,4
182,82,5
182,57,2
182,77,4
182,8,5
182,42,1
182,115,1
182,3,4
182,131,1
182,67,4
182,49,2
182,112,4
182,123,2
183,41,4
183,90,4
183,49,5
183,116,4
183,97,1
183,8,2
183,65,5
183,89,3
183,72,5
183,100,2
183,125,3
183,55,4
183,39,4
183,96,5
183,120,5
183,40,4
183,93,5
183,35,3
183,62,5
183,95,3
184,142,3
184,32,3
184,116,1
184,83,5
184,66,2
184,92,4
184,108,4
184,20,4
184,12,2
184,86,5
184,71,3
184,129,2
184,118,2
184,40,2
184,60,4
184,135,3
184,11,4
184,130,2
184,35,4
184,73,4
185,112,4
185,126,4
185,15,4
185,28,2
185,114,5
185,75,5
185,127,5
185,38,5
185,129,3
185,88,3
185,26,3
185,24,2
185,102,4
185,3,3
185,22,4
185,59,4
185,60,3
185,134,5
185,19,3
185,94,3
186,16,1
186,23,3
186,98,2
186,63,4
186,76,4
186,12,3
186,38,4
186,70,2
186,87,5
186,128,4
186,72,2
186,52,3
186,141,5
186,82,5
186,81,2
186,80,1
186,64,5
186,29,2
186,139,4
186,42,3
187,107,4
187,44,1
187,110,5
187,129,1
187,103,3
187,89,1
187,115,1
187,22,1
187,34,4
187,123,5
187,87,4
187,14,1
187,128,2
187,54,4
187,28,1
187,46,2
187,137,1
187,122,4
187,96,2
187,78,4
188,55,4
188,50,5
188,2,5
188,108,3
188,29,2
188,129,2
188,69,2
188,118,4
188,79,1
188,4,4
188,130,1
188,28,1
188,16,4
188,85,1
188,66,3
188,143,2
188,32,2
188,31,4
188,44,2
188,60,1
189,107,3
189,123,1
189,25,4
189,125,4
189,78,2
189,8,5
189,21,5
189,85,5
189,102,1
189,127,3
189,12,4
189,111,2
189,68,2
189,53,3
189,106,2
189,32,4
189,74,2
189,6,5
189,27,3
189,65,1
190,117,2
190,12,3
190,105,1
190,69,1
190,133,1
190,2,3
190,82,4
190,79,5
190,62,3
190,6,2
190,9,3
190,78,4
190,88,5
190,47,2
190,91,2
190,80,4
190,21,2
190,7,4
190,76,5
190,33,5
191,114,2
191,128,4
191,61,4
191,126,3
191,53,1
191,73,2
191,137,2
191,52,2
191,125,1
191,13,1
191,95,1
191,57,5
191,56,3
191,39,3
191,92,2
191,33,5
191,37,3
191,32,5
191,34,1
191,115,2
192,120,4
192,137,5
192,106,1
192,130,3
192,97,4
192,12,3
192,21,4
192,99,4
192,113,5
192,67,5
192,133,1
192,96,3
192,32,5
192,41,1
192,42,2
192,86,1
192,77,1
192,31,5
192,49,5
192,101,4
193,114,5
193,139,5
193,93,3
193,38,3
193,125,2
193,92,3
193,55,4
193,19,3
193,17,1
193,26,5
193,107,5
193,57,4
193,117,2
193,51,4
193,122,1
193,25,5
193,99,5
193,69,4
193,81,2
193,104,4
194,66,5
194,99,2
194,18,5
194,38,1
194,138,2
194,113,3
194,15,4
194,51,4
194,77,3
194,143,1
194,125,5
194,115,3
194,62,4
194,117,2
194,44,3
194,9,4
194,37,1
194,134,1
194,124,4
194,7,5
195,76,1
195,83,3
195,77,3
195,88,5
195,90,1
195,113,2
195,110,5
195,5,1
195,29,5
195,32,4
195,97,2
195,73,4
195,51,5
195,118,2
195,13,3
195,121,4
195,116,2
195,12,5
195,107,1
195,71,2
196,129,1
196,87,5
196,94,5
196,141,3
196,44,4
196,28,1
196,65,3
196,84,5
196,131,3
196,88,5
196,75,5
196,110,2
196,33,4
196,97,2
196,90,4
196,143,2
196,37,2
196,133,2
196,109,5
196,105,5
197,22,1
197,143,5
197,35,5
197,32,4
197,86,4
197,1,1
197,82,1
197,19,1
197,36,4
197,127,3
197,41,5
197,125,2
197,51,3
197,34,4
197,114,4
197,27,4
197,43,5
197,138,2
197,33,4
197,84,3
198,50,3
198,96,3
198,59,5
198,121,4
198,80,2
198,6,3
198,46,3
198,89,2
198,98,4
198,15,5
198,21,3
198,51,1
198,25,3
198,74,4
198,72,2
198,38,4
198,87,3
198,90,3
198,128,1
198,5,4
199,111,4
199,14,4
199,49,5
199,31,3
199,76,2
199,26,1
199,82,5
199,114,2
199,119,4
199,88,1
199,27,4
199,67,3
199,72,4
199,125,5
199,87,1
199,59,3
199,68,3
199,136,1
199,104,1
199,10,5
200,42,1
200,71,1
200,124,5
200,97,5
200,114,2
200,123,4
200,19,2
200,59,3
200,40,4
200,60,4
200,77,2
200,109,5
200,10,2
200,50,3
200,86,5
200,46,2
200,30,2
200,112,5
200,139,2
200,76,4
201,1,3
201,13,5
201,40,4
201,81,4
201,19,5
201,84,4
201,101,5
201,23,2
201,97,5
201,135,3
201,26,2
201,14,4
201,55,3
201,27,1
201,113,4
201,65,3
201,95,4
201,133,2
201,3,5
201,117,5
202,115,5
202,143,4
202,93,3
202,75,3
202,98,4
202,100,1
202,15,3
202,12,2
202,13,5
202,78,2
202,5,4
202,47,4
202,66,4
202,114,4
202,110,2
202,23,5
202,18,5
202,33,5
202,4,4
202,16,1
203,95,2
203,104,4
203,84,4
203,40,5
203,140,5
203,87,4
203,44,5
203,35,2
203,124,5
203,91,1
203,79,5
203,81,5
203,122,5
203,88,4
203,16,5
203,103,3
203,136,4
203,53,1
203,22,2
203,92,5
204,100,3
204,122,3
204,135,1
204,31,5
204,41,2
204,120,2
204,16,1
204,86,5
204,130,5
204,56,4
204,115,2
204,96,2
204,73,5
204,51,4
204,45,1
204,23,1
204,69,2
204,24,2
204,40,1
204,110,4
205,34,3
205,10,2
205,93,1
205,81,1
205,42,2
205,85,4
205,102,5
205,67,1
205,15,2
205,76,3
205,77,4
205,109,2
205,83,5
205,99,2
205,56,4
205,70,1
205,25,4
205,51,5
205,21,1
205,107,4
206,49,4
206,122,4
206,42,5
206,74,5
206,78,5
206,60,3
206,40,4
206,33,3
206,92,4
206,37,2
206,66,5
206,95,4
206,21,3
206,80,4
206,134,2
206,28,2
206,114,4
206,41,4
206,53,3
206,57,5
207,84,5
207,107,3
207,117,5
207,123,5
207,119,4
207,144,4
207,76,2
207,110,4
207,36,3
207,115,1
207,142,5
207,2,4
207,87,3
207,55,3
207,90,3
207,69,2
207,85,5
207,68,1
207,112,4
207,14,4
208,87,3
208,69,1
208,97,4
208,127,3
208,83,5
208,37,4
208,117,3
208,136,1
208,95,5
208,63,3
208,128,2
208,71,3
208,98,1
208,109,3
208,138,1
208,12,4
208,33,5
208,76,4
208,140,3
208,94,4
209,98,5
209,43,2
209,47,1
209,52,4
209,122,4
209,143,2
209,110,4
209,60,5
209,123,5
209,25,4
209,16,1
209,129,1
209,44,3
209,131,3
209,135,3
209,18,2
209,21,5
209,108,2
209,117,1
209,65,3
210,97,2
210,19,3
210,41,1
210,39,3
210,23,3
210,42,4
210,61,4
210,128,3
210,6,4
210,34,3
210,47,5
210,95,2
210,18,1
210,135,4
210,70,5
210,74,2
210,13,5
210,45,5
210,29,1
210,20,1
211,48,1
211,140,2
211,90,2
211,46,1
211,25,5
211,97,4
211,133,4
211,72,1
211,139,2
211,86,4
211,120,2
211,70,2
211,8,4
211,116,2
211,73,1
211,10,5
211,18,1
211,94,1
211,11,5
211,132,5
212,43,1
212,74,2
212,42,1
212,103,5
212,18,1
212,137,1
212,86,5
212,26,5
212,48,1
212,14,4
212,105,5
212,140,2
212,115,1
212,76,1
212,112,5
212,28,5
212,10,3
212,56,2
212,2,2
212,24,1
213,68,5
213,74,1
213,18,1
213,129,4
213,35,1
213,112,5
213,143,4
213,90,1
213,102,3
213,20,5
213,54,5
213,101,5
213,144,4
213,58,2
213,137,5
213,3,5
213,115,4
213,123,5
213,34,5
213,46,2
214,118,1
214,76,5
214,25,2
214,132,1
214,114,2
214,3,1
214,62,5
214,72,1
214,142,1
214,98,2
214,21,2
214,67,2
214,121,2
214,130,2
214,104,4
214,7,2
214,4,4
214,93,2
214,117,2
214,13,4
215,33,3
215,107,4
215,108,4
215,69,5
215,51,5
215,48,5
215,13,3
215,3,3
215,93,1
215,85,2
215,63,5
215,105,5
215,74,1
215,122,2
215,121,4
215,45,1
215,19,3
215,32,4
215,130,4
215,96,4
216,92,2
216,35,5
216,63,5
216,70,5
216,64,5
216,126,2
216,97,4
216,132,1
216,51,5
216,100,3
216,128,3
216,80,2
216,116,2
216,140,5
216,113,2
216,12,5
216,41,2
216,77,5
216,73,2
216,72,5
217,67,2
217,62,1
217,113,1
217,73,4
217,56,2
217,131,4
217,80,4
217,17,1
217,103,2
217,93,2
217,132,4
217,124,1
217,136,1
217,42,1
217,9,5
217,66,1
217,111,1
217,138,2
217,94,1
217,120,1
218,3,5
218,130,2
218,84,5
218,8,4
218,28,4
218,128,2
218,40,3
218,81,4
218,22,4
218,44,5
218,129,4
218,140,3
218,25,5
218,56,2
218,75,2
218,89,5
218,63,5
218,9,3
218,32,5
218,90,5
219,133,1
219,113,2
219,135,3
219,30,2
219,43,1
219,19,2
219,130,3
219,46,2
219,28,4
219,17,1
219,54,1
219,14,4
219,129,2
219,132,3
219,61,5
219,10,3
219,139,1
219,90,1
219,92,2
219,123,5
220,86,5
220,87,4
220,41,2
220,83,4
220,112,4
220,67,3
220,77,4
220,110,5
220,139,2
220,125,1
220,120,2
220,104,4
220,45,2
220,71,2
220,96,4
220,90,4
220,138,3
220,137,5
220,8,5
220,64,4
221,67,1
221,83,1
221,50,5
221,59,4
221,12,5
221,113,2
221,61,4
221,17,1
221,52,5
221,62,5
221,8,1
221,9,3
221,128,1
221,21,2
221,127,3
221,68,2
221,104,5
221,29,5
221,134,4
221,92,1
222,114,1
222,116,1
222,13,2
222,39,3
222,50,1
222,101,5
222,56,3
222,17,2
222,97,4
222,70,2
222,80,4
222,93,2
222,10,3
222,26,1
222,61,1
222,29,3
222,33,1
222,131,1
222,98,4
222,69,2
223,66,5
223,132,1
223,76,2
223,102,2
223,113,2
223,90,4
223,78,4
223,51,4
223,5,5
223,68,5
223,26,1
223,128,4
223,8,5
223,9,1
223,55,5
223,98,2
223,40,1
223,23,1
223,85,4
223,45,1
224,24,5
224,95,5
224,107,4
224,114,4
224,29,3
224,71,3
224,11,4
224,104,4
224,60,1
224,120,4
224,7,5
224,89,2
224,9,1
224,69,5
224,66,1
224,3,3
224,122,2
224,116,5
224,36,4
224,144,1
225,96,3
225,95,2
225,142,3
225,88,1
225,56,5
225,51,4
225,121,5
225,120,5
225,128,1
225,28,3
225,69,5
225,77,3
225,16,3
225,97,3
225,8,2
225,13,5
225,143,5
225,73,1
225,125,3
225,110,4
226,4,1
226,42,1
226,53,4
226,21,1
226,142,3
226,106,1
226,85,3
226,25,3
226,31,4
226,67,4
226,37,2
226,34,2
226,143,3
226,82,5
226,95,5
226,20,1
226,61,5
226,132,5
226,96,2
226,35,3
227,111,5
227,128,5
227,8,1
227,116,1
227,98,2
227,135,4
227,124,4
227,122,5
227,132,4
227,56,3
227,51,1
227,41,3
227,96,1
227,89,5
227,1,5
227,4,5
227,127,5
227,126,4
227,86,5
227,144,5
228,34,3
228,43,2
228,33,5
228,77,4
228,56,4
228,112,4
228,131,4
228,109,4
228,36,3
228,141,2
228,57,1
228,37,3
228,15,3
228,129,5
228,120,1
228,138,2
228,134,1
228,12,5
228,54,1
228,5,4
229,46,2
229,100,4
229,122,3
229,83,1
229,124,5
229,38,3
229,24,2
229,43,2
229,116,1
229,132,2
229,52,4
229,103,3
229,37,3
229,89,2
229,54,5
229,9,3
229,138,2
229,113,1
229,63,4
229,44,1
230,102,3
230,66,4
230,134,5
230,59,4
230,23,2
230,65,4
230,25,4
230,110,2
230,122,2
230,94,1
230,103,3
230,90,5
230,3,4
230,24,2
230,44,4
230,7,3
230,58,4
230,39,4
230,1,5
230,121,1
231,70,1
231,119,4
231,131,1
231,57,4
231,25,1
231,13,3
231,98,4
231,75,5
231,91,3
231,28,5
231,56,4
231,37,1
231,130,5
231,127,5
231,60,4
231,89,2
231,9,5
231,32,2
231,27,2
231,94,5
232,2,1
232,27,5
232,75,2
232,41,5
232,10,4
232,45,2
232,73,2
232,11,4
232,63,5
232,95,2
232,6,3
232,22,4
232,53,1
232,23,3
232,25,3
232,64,4
232,81,1
232,24,2
232,83,2
232,141,4
233,90,4
233,93,4
233,139,1
233,4,2
233,109,5
233,87,4
233,16,1
233,95,4
233,71,1
233,131,1
233,128,3
233,111,4
233,39,4
233,136,4
233,24,1
233,74,4
233,85,4
233,143,1
233,48,2
233,108,5
234,126,3
234,123,2
234,15,4
234,125,4
234,37,4
234,67,1
234,6,2
234,74,2
234,124,1
234,144,1
234,47,1
234,65,1
234,130,5
234,35,1
234,73,2
234,107,4
234,140,2
234,108,4
234,96,2
234,60,4
235,130,1
235,81,3
235,128,2
235,102,5
235,124,5
235,142,2
235,68,3
235,104,5
235,55,5
235,114,1
235,100,5
235,17,4
235,33,5
235,113,5
235,32,5
235,141,1
235,96,2
235,71,3
235,144,5
235,98,1
236,9,5
236,46,4
236,1,1
236,119,1
236,37,4
236,44,5
236,5,1
236,129,4
236,96,1
236,8,5
236,66,1
236,77,2
236,49,3
236,120,4
236,71,1
236,122,2
236,144,3
236,62,1
236,90,3
236,107,5
237,7,1
237,115,1
237,111,5
237,95,2
237,46,1
237,42,2
237,101,4
237,58,1
237,2,4
237,125,1
237,24,2
237,19,1
237,54,5
237,117,1
237,59,5
237,71,1
237,60,4
237,14,1
237,113,2
237,88,5
238,77,3
238,93,5
238,44,3
238,11,1
238,47,3
238,13,4
238,80,2
238,43,1
238,121,4
238,139,4
238,105,4
238,60,4
238,74,1
238,36,5
238,136,3
238,98,5
238,59,3
238,137,4
238,42,1
238,95,1
239,50,3
239,97,5
239,33,3
239,1,1
239,110,5
239,133,4
239,58,4
239,107,5
239,102,5
239,114,1
239,46,2
239,99,4
239,24,2
239,84,5
239,95,1
239,134,5
239,2,1
239,37,5
239,3,1
239,85,4
240,74,2
240,34,5
240,62,3
240,57,3
240,91,4
240,55,2
240,54,3
240,104,3
240,19,4
240,5,5
240,111,4
240,13,3
240,93,4
240,83,3
240,106,5
240,71,3
240,89,5
240,127,5
240,114,2
240,43,5
241,122,5
241,144,4
241,48,5
241,53,4
241,100,4
241,143,5
241,26,4
241,50,3
241,22,5
241,18,2
241,134,5
241,87,3
241,135,4
241,67,3
241,108,1
241,95,5
241,139,4
241,64,3
241,73,2
241,75,3
242,14,5
242,81,3
242,3,4
242,2,5
242,84,4
242,73,1
242,17,4
242,106,5
242,22,5
242,66,3
242,104,4
242,45,3
242,72,4
242,139,3
242,35,2
242,80,1
242,115,3
242,39,3
242,126,3
242,54,1
243,142,3
243,141,4
243,30,4
243,125,2
243,3,2
243,94,5
243,122,4
243,116,5
243,104,4
243,56,3
243,4,4
243,44,5
243,126,5
243,103,1
243,128,2
243,2,4
243,71,4
243,86,1
243,127,2
243,89,2
244,18,3
244,22,3
244,87,3
244,106,5
244,118,4
244,132,5
244,55,2
244,136,5
244,127,1
244,63,5
244,35,1
244,100,5
244,5,3
244,121,4
244,2,2
244,23,5
244,25,5
244,45,5
244,116,4
244,51,1
245,66,2
245,37,5
245,56,1
245,83,3
245,107,4
245,10,3
245,74,4
245,28,4
245,34,4
245,91,1
245,90,2
245,78,2
245,24,2
245,49,1
245,101,4
245,122,4
245,62,4
245,40,4
245,17,2
245,87,2
246,96,5
246,7,3
246,137,5
246,38,5
246,138,5
246,53,4
246,97,4
246,32,4
246,77,3
246,108,3
246,50,5
246,92,1
246,130,5
246,99,2
246,5,4
246,58,4
246,20,1
246,124,3
246,11,5
246,133,5
247,22,2
247,82,4
247,130,5
247,126,5
247,91,1
247,78,1
247,94,2
247,135,4
247,54,2
247,137,2
247,47,2
247,23,2
247,20,1
247,84,1
247,102,3
247,71,1
247,45,2
247,60,2
247,121,4
247,141,1
248,28,4
248,115,1
248,34,4
248,100,1
248,75,5
248,105,3
248,103,4
248,66,3
248,65,3
248,42,1
248,26,5
248,96,5
248,4,1
248,127,2
248,13,4
248,139,5
248,118,2
248,36,5
248,76,5
248,43,1
249,42,2
249,130,2
249,26,4
249,142,2
249,126,5
249,29,4
249,66,2
249,116,1
249,133,3
249,105,3
249,50,5
249,127,5
249,30,5
249,32,5
249,119,2
249,37,4
249,58,1
249,132,1
249,31,5
249,60,2
250,111,4
250,7,1
250,63,3
250,92,1
250,42,2
250,122,2
250,110,1
250,36,4
250,29,2
250,121,3
250,72,1
250,95,2
250,69,2
250,43,1
250,21,2
250,81,5
250,47,2
250,109,2
250,59,4
250,100,5
251,112,3
251,99,5
251,73,3
251,125,5
251,3,2
251,13,4
251,128,4
251,142,2
251,137,2
251,74,1
251,43,2
251,136,4
251,1,3
251,14,2
251,82,2
251,122,4
251,133,5
251,11,1
251,76,4
251,115,1
252,14,4
252,105,3
252,32,5
252,132,4
252,70,2
252,3,4
252,91,1
252,24,1
252,37,1
252,144,1
252,130,2
252,88,5
252,111,4
252,4,4
252,142,1
252,100,4
252,75,4
252,109,2
252,123,2
252,80,4
253,95,5
253,72,2
253,12,1
253,48,5
253,105,5
253,19,1
253,59,4
253,118,3
253,62,2
253,87,4
253,57,2
253,82,4
253,114,2
253,85,4
253,143,4
253,7,3
253,40,4
253,21,1
253,46,3
253,20,1
254,143,3
254,2,3
254,78,5
254,91,5
254,31,5
254,54,3
254,34,5
254,68,1
254,111,4
254,115,1
254,142,3
254,123,3
254,29,4
254,42,2
254,86,4
254,107,5
254,43,3
254,144,1
254,88,5
254,39,2
255,129,2
255,79,4
255,26,5
255,2,3
255,93,2
255,20,1
255,48,5
255,28,5
255,11,2
255,92,3
255,114,2
255,94,1
255,31,5
255,98,2
255,124,5
255,109,4
255,23,3
255,101,4
255,70,3
255,85,2
256,139,5
256,101,4
256,31,5
256,108,2
256,15,2
256,132,4
256,50,1
256,46,5
256,55,4
256,41,4
256,58,1
256,83,3
256,117,2
256,140,4
256,24,4
256,138,5
256,94,4
256,16,2
256,14,1
256,43,4
257,87,1
257,69,1
257,14,2
257,67,1
257,16,5
257,140,1
257,102,5
257,36,4
257,29,3
257,103,4
257,107,5
257,49,2
257,9,2
257,53,3
257,30,5
257,33,3
257,1,4
257,142,1
257,105,5
257,126,3
258,22,5
258,55,2
258,136,4
258,44,5
258,63,1
258,72,1
258,16,4
258,100,3
258,19,5
258,95,5
258,65,3
258,42,5
258,69,2
258,126,4
258,102,3
258,28,1
258,39,1
258,51,4
258,120,3
258,90,5
259,56,5
259,13,4
259,111,4
259,40,4
259,12,4
259,21,1
259,131,5
259,18,1
259,25,5
259,90,2
259,109,4
259,74,1
259,68,4
259,81,2
259,139,5
259,140,4
259,143,4
259,138,4
259,127,4
259,22,4
260,76,4
260,57,1
260,101,3
260,109,1
260,119,2
260,139,2
260,41,2
260,84,3
260,48,1
260,140,2
260,38,4
260,128,5
260,11,5
260,15,3
260,73,2
260,36,3
260,83,4
260,16,1
260,24,2
260,42,1
261,26,3
261,35,5
261,54,1
261,76,4
261,97,3
261,140,2
261,121,5
261,116,1
261,50,5
261,139,1
261,53,4
261,49,5
261,96,2
261,79,3
261,132,4
261,40,1
261,99,1
261,33,1
261,60,2
261,14,2
262,7,5
262,43,3
262,63,5
262,13,2
262,114,4
262,65,5
262,58,5
262,42,4
262,137,3
262,105,2
262,106,4
262,83,5
262,88,4
262,12,5
262,35,3
262,70,4
262,19,4
262,32,5
262,87,2
262,75,2
263,129,1
263,52,4
263,91,5
263,11,4
263,44,1
263,81,5
263,77,2
263,23,5
263,49,5
263,88,5
263,72,4
263,69,5
263,3,5
263,35,2
263,30,5
263,10,1
263,60,4
263,78,3
263,19,3
263,124,3
264,94,4
264,112,3
264,47,1
264,71,1
264,5,5
264,7,1
264,41,1
264,123,2
264,138,4
264,35,4
264,27,2
264,140,4
264,113,1
264,81,4
264,8,2
264,22,5
264,69,2
264,28,4
264,6,1
264,84,4
265,144,2
265,69,2
265,27,2
265,51,4
265,98,4
265,24,2
265,10,5
265,106,4
265,124,1
265,36,2
265,67,1
265,105,5
265,2,1
265,97,4
265,139,2
265,102,4
265,71,1
265,9,2
265,113,2
265,41,1
266,142,4
266,34,5
266,65,2
266,25,2
266,138,5
266,9,1
266,30,2
266,13,4
266,87,2
266,98,5
266,72,2
266,74,3
266,57,3
266,82,3
266,14,4
266,92,5
266,63,4
266,136,5
266,53,2
266,107,5
267,32,3
267,17,1
267,69,1
267,134,4
267,25,1
267,39,3
267,96,2
267,113,2
267,70,2
267,112,2
267,18,1
267,10,1
267,122,1
267,64,3
267,117,2
267,105,1
267,98,1
267,67,2
267,65,2
267,73,5
268,16,4
268,24,1
268,86,5
268,7,5
268,103,5
268,83,5
268,110,3
268,138,1
268,22,1
268,136,1
268,2,4
268,52,1
268,79,2
268,129,2
268,90,1
268,76,3
268,98,2
268,109,2
268,41,1
268,80,1
269,97,5
269,56,1
269,52,4
269,100,2
269,54,2
269,135,1
269,65,3
269,123,1
269,16,5
269,78,1
269,86,4
269,29,3
269,108,2
269,12,4
269,40,4
269,43,1
269,35,1
269,72,2
269,120,5
269,105,5
270,40,2
270,69,4
270,1,4
270,73,5
270,82,3
270,19,5
270,103,5
270,110,1
270,7,5
270,60,2
270,11,4
270,27,2
270,3,5
270,92,3
270,129,2
270,76,5
270,29,1
270,17,5
270,67,4
270,70,2
271,81,1
271,49,3
271,128,2
271,142,1
271,28,3
271,25,3
271,44,1
271,135,4
271,18,2
271,94,1
271,21,2
271,105,4
271,61,4
271,80,2
271,14,1
271,132,3
271,69,2
271,50,5
271,111,5
271,100,5
272,27,1
272,88,5
272,65,1
272,130,1
272,60,4
272,33,4
272,20,5
272,72,3
272,96,5
272,7,3
272,85,5
272,57,1
272,41,4
272,75,5
272,128,1
272,3,3
272,80,5
272,67,1
272,52,1
272,53,3
273,64,2
273,70,3
273,19,5
273,35,1
273,45,3
273,88,4
273,130,5
273,12,5
273,76,1
273,89,5
273,39,1
273,47,1
273,141,2
273,58,3
273,100,1
273,108,1
273,57,4
273,32,5
273,127,4
273,82,2
274,2,1
274,35,3
274,53,2
274,106,2
274,51,3
274,25,2
274,136,4
274,1,3
274,7,1
274,24,4
274,133,4
274,29,2
274,90,1
274,39,4
274,95,3
274,85,4
274,142,4
274,138,5
274,87,1
274,78,1
275,22,2
275,120,1
275,48,2
275,58,5
275,78,4
275,139,1
275,5,1
275,84,4
275,140,2
275,44,2
275,101,3
275,67,1
275,76,5
275,61,4
275,52,3
275,81,4
275,55,2
275,134,5
275,87,4
275,46,2
276,141,1
276,77,1
276,123,5
276,109,3
276,126,3
276,137,1
276,29,4
276,65,2
276,56,5
276,57,4
276,89,1
276,110,3
276,140,1
276,20,2
276,73,3
276,54,5
276,6,5
276,30,3
276,120,1
276,92,2
277,63,5
277,67,3
277,27,5
277,106,5
277,126,2
277,46,3
277,111,4
277,9,4
277,8,5
277,98,3
277,50,3
277,89,2
277,92,2
277,39,2
277,11,5
277,101,3
277,86,4
277,5,4
277,17,4
277,42,4
278,74,3
278,4,5
278,68,1
278,98,3
278,53,5
278,96,2
278,61,4
278,64,1
278,30,5
278,82,2
278,51,2
278,19,5
278,33,3
278,22,5
278,1,4
278,144,2
278,12,5
278,101,1
278,73,5
278,41,2
279,12,5
279,116,2
279,106,3
279,114,1
279,33,3
279,113,2
279,115,1
279,49,2
279,109,2
279,107,5
279,78,3
279,142,2
279,57,3
279,130,2
279,71,2
279,132,3
279,36,2
279,58,2
279,97,3
279,131,3
280,119,1
280,142,1
280,58,4
280,136,4
280,85,1
280,70,1
280,54,4
280,91,2
280,13,5
280,116,2
280,89,2
280,46,2
280,120,2
280,5,2
280,11,1
280,123,4
280,130,4
280,33,1
280,106,4
280,75,4
281,136,1
281,32,5
281,119,3
281,120,5
281,52,1
281,34,1
281,38,2
281,75,2
281,60,3
281,103,5
281,104,2
281,8,5
281,41,4
281,92,5
281,37,5
281,58,4
281,77,4
281,57,3
281,36,5
281,53,1
282,82,3
282,27,1
282,80,1
282,30,3
282,88,3
282,101,5
282,119,5
282,111,5
282,34,4
282,116,5
282,32,2
282,113,5
282,9,5
282,142,1
282,50,5
282,39,3
282,58,1
282,94,4
282,114,5
282,46,3
283,100,5
283,32,1
283,6,5
283,102,2
283,49,2
283,68,1
283,47,2
283,25,1
283,92,2
283,16,5
283,84,3
283,106,1
283,110,2
283,109,5
283,18,2
283,53,1
283,3,5
283,125,3
283,64,3
283,5,4
284,54,3
284,127,5
284,142,5
284,45,4
284,46,2
284,33,1
284,91,3
284,39,3
284,141,1
284,125,3
284,3,4
284,19,5
284,61,4
284,7,4
284,121,2
284,36,4
284,26,1
284,2,4
284,34,3
284,118,5
285,37,4
285,82,4
285,56,3
285,25,3
285,66,2
285,60,5
285,70,1
285,95,1
285,97,4
285,29,5
285,3,2
285,52,3
285,94,1
285,87,1
285,141,1
285,125,5
285,128,5
285,92,1
285,33,1
285,101,3
286,25,3
286,3,4
286,31,1
286,12,4
286,37,3
286,17,2
286,16,1
286,70,5
286,86,5
286,30,1
286,119,3
286,123,5
286,93,4
286,19,2
286,6,3
286,143,5
286,125,5
286,4,2
286,112,1
286,9,3
287,132,4
287,43,1
287,90,1
287,110,3
287,140,2
287,88,4
287,108,4
287,44,2
287,134,4
287,23,1
287,65,1
287,16,1
287,3,4
287,81,4
287,12,1
287,39,5
287,15,5
287,29,3
287,123,3
287,111,2
288,117,3
288,55,2
288,112,1
288,27,5
288,62,5
288,97,5
288,119,4
288,107,5
288,113,3
288,59,4
288,138,1
288,70,5
288,33,3
288,121,2
288,78,3
288,99,3
288,31,2
288,80,4
288,142,4
288,69,1
289,142,4
289,82,4
289,116,3
289,90,4
289,74,4
289,111,5
289,21,2
289,41,5
289,87,5
289,133,3
289,65,2
289,102,5
289,54,1
289,60,5
289,76,4
289,75,5
289,19,2
289,118,5
289,125,5
289,2,1
290,99,5
290,68,2
290,144,1
290,22,2
290,16,1
290,141,2
290,101,2
290,96,2
290,71,2
290,36,4
290,23,2
290,131,4
290,105,4
290,104,4
290,80,2
290,121,4
290,119,2
290,127,5
290,8,1
290,3,1
291,50,4
291,57,4
291,106,1
291,137,2
291,103,4
291,64,2
291,42,2
291,54,2
291,140,2
291,127,4
291,27,3
291,125,5
291,132,4
291,129,5
291,49,2
291,28,1
291,16,5
291,61,5
291,21,1
291,135,5
292,83,1
292,50,3
292,2,4
292,52,4
292,72,5
292,141,2
292,111,4
292,128,1
292,86,2
292,116,4
292,61,4
292,16,2
292,17,1
292,6,3
292,8,1
292,140,5
292,117,5
292,122,5
292,40,1
292,90,5
293,141,5
293,1,5
293,29,5
293,26,5
293,53,1
293,21,1
293,128,1
293,44,4
293,87,4
293,116,3
293,105,1
293,6,1
293,86,4
293,2,2
293,95,5
293,7,4
293,120,2
293,80,5
293,136,1
293,66,2
294,38,2
294,46,1
294,125,5
294,14,4
294,126,4
294,1,4
294,91,1
294,26,1
294,132,5
294,124,4
294,71,1
294,92,3
294,63,1
294,28,2
294,76,2
294,128,4
294,120,2
294,69,4
294,33,4
294,82,1
295,140,4
295,39,1
295,87,3
295,13,3
295,143,4
295,41,2
295,86,1
295,25,3
295,83,3
295,108,4
295,26,1
295,101,2
295,70,2
295,3,4
295,72,1
295,27,4
295,104,1
295,65,5
295,35,2
295,142,4
296,126,3
296,142,1
296,17,1
296,82,1
296,103,2
296,47,1
296,129,3
296,22,1
296,124,3
296,16,5
296,11,4
296,87,2
296,130,3
296,138,1
296,133,3
296,31,3
296,80,3
296,53,5
296,33,1
296,83,5
297,121,3
297,102,5
297,83,2
297,59,4
297,63,3
297,38,2
297,114,4
297,50,2
297,62,1
297,49,5
297,43,2
297,143,1
297,103,4
297,21,1
297,34,5
297,117,4
297,10,1
297,116,5
297,6,2
297,57,4
298,67,5
298,131,1
298,107,5
298,5,2
298,120,4
298,56,5
298,84,2
298,144,1
298,21,5
298,118,5
298,37,1
298,25,1
298,28,5
298,130,2
298,35,1
298,101,5
298,113,4
298,66,5
298,74,5
298,4,1
299,100,3
299,109,5
299,84,3
299,114,1
299,134,4
299,113,2
299,37,3
299,15,3
299,1,5
299,82,1
299,32,1
299,90,2
299,99,4
299,5,4
299,7,4
299,27,5
299,68,2
299,126,5
299,57,3
299,42,2
300,139,4
300,67,5
300,46,1
300,25,2
300,128,5
300,79,5
300,91,3
300,47,5
300,119,5
300,33,3
300,135,5
300,114,4
300,73,2
300,28,4
300,36,4
300,110,1
300,58,5
300,90,3
300,72,2
300,53,1
301,62,4
301,74,4
301,56,5
301,139,5
301,20,4
301,118,3
301,19,4
301,67,5
301,96,4
301,83,4
301,124,2
301,143,3
301,48,2
301,94,5
301,84,5
301,77,4
301,76,4
301,82,5
301,111,4
301,113,1
302,10,4
302,9,3
302,107,4
302,47,2
302,108,4
302,28,4
302,91,1
302,44,2
302,98,2
302,63,1
302,62,3
302,106,3
302,94,2
302,13,3
302,133,1
302,115,1
302,15,4
302,82,1
302,53,2
302,124,3
303,125,5
303,50,4
303,18,3
303,44,4
303,34,5
303,24,4
303,7,3
303,67,5
303,140,2
303,115,2
303,144,1
303,32,5
303,124,1
303,121,2
303,108,1
303,48,4
303,55,5
303,41,3
303,122,1
303,71,4
304,72,1
304,24,3
304,93,3
304,28,4
304,11,1
304,134,4
304,109,2
304,13,1
304,61,4
304,104,2
304,124,4
304,2,2
304,94,2
304,3,2
304,77,2
304,76,3
304,54,4
304,97,3
304,85,1
304,50,5
305,116,1
305,102,4
305,22,1
305,76,4
305,49,3
305,25,5
305,46,1
305,122,4
305,24,2
305,98,5
305,19,1
305,86,3
305,126,4
305,127,4
305,93,2
305,110,5
305,13,5
305,34,1
305,78,2
305,142,1
306,110,3
306,45,2
306,85,5
306,8,1
306,139,1
306,105,4
306,124,1
306,50,5
306,115,5
306,137,5
306,144,3
306,101,3
306,17,2
306,136,5
306,96,5
306,129,3
306,133,2
306,93,4
306,100,1
306,54,5
307,25,4
307,8,1
307,108,5
307,11,4
307,65,2
307,97,5
307,48,1
307,67,2
307,121,3
307,14,2
307,109,4
307,47,1
307,96,2
307,36,5
307,50,5
307,51,2
307,38,5
307,123,1
307,85,1
307,34,2
308,78,5
308,47,3
308,17,1
308,123,5
308,54,5
308,63,4
308,98,1
308,114,5
308,128,4
308,142,4
308,8,2
308,73,4
308,9,1
308,137,2
308,11,5
308,117,1
308,19,4
308,64,3
308,49,4
308,97,2
309,28,4
309,55,4
309,36,5
309,86,4
309,60,3
309,65,1
309,11,2
309,95,2
309,51,3
309,142,2
309,3,5
309,24,2
309,118,2
309,135,4
309,73,4
309,117,2
309,79,3
309,106,4
309,93,2
309,84,5
310,76,1
310,134,1
310,142,2
310,26,4
310,102,3
310,82,1
310,3,5
310,77,3
310,49,4
310,94,2
310,17,1
310,141,2
310,111,5
310,122,5
310,2,3
310,34,4
310,137,1
310,5,1
310,119,1
310,53,5
311,143,3
311,72,4
311,8,3
311,110,4
311,24,1
311,115,2
311,139,1
311,26,2
311,44,3
311,101,4
311,108,3
311,81,3
311,92,4
311,134,2
311,33,2
311,50,5
311,95,1
311,21,5
311,58,5
311,98,5
312,73,2
312,64,5
312,69,1
312,40,5
312,102,4
312,14,5
312,121,1
312,99,5
312,42,1
312,70,1
312,135,4
312,108,5
312,117,1
312,45,1
312,54,5
312,17,2
312,13,5
312,122,4
312,90,1
312,34,2
313,75,5
313,34,4
313,28,5
313,54,3
313,99,3
313,79,2
313,124,4
313,22,1
313,85,4
313,112,1
313,115,2
313,53,1
313,64,1
313,136,5
313,92,4
313,23,4
313,76,3
313,16,2
313,12,1
313,65,2
314,28,2
314,36,4
314,75,1
314,32,3
314,98,3
314,4,1
314,21,3
314,52,4
314,54,4
314,30,5
314,15,4
314,17,3
314,29,4
314,69,4
314,63,4
314,9,1
314,66,4
314,108,5
314,77,3
314,74,5
315,4,5
315,71,2
315,123,2
315,114,2
315,25,5
315,144,1
315,115,2
315,80,4
315,35,5
315,117,2
315,125,2
315,28,4
315,91,1
315,136,4
315,19,1
315,32,5
315,36,5
315,131,1
315,24,1
315,47,1
316,136,5
316,53,4
316,26,1
316,60,2
316,71,4
316,143,4
316,49,1
316,2,3
316,3,5
316,123,5
316,98,4
316,35,2
316,135,4
316,76,2
316,82,3
316,115,2
316,43,3
316,55,2
316,141,4
316,20,1
317,13,4
317,29,5
317,7,3
317,115,3
317,121,4
317,8,5
317,113,4
317,3,5
317,36,4
317,116,3
317,26,4
317,91,2
317,40,5
317,126,3
317,25,5
317,135,5
317,51,5
317,70,1
317,106,1
317,94,3
318,67,4
318,1,4
318,31,2
318,74,4
318,118,1
318,70,3
318,109,3
318,144,2
318,124,3
318,106,4
318,22,1
318,45,4
318,141,2
318,86,4
318,34,2
318,73,4
318,33,5
318,13,3
318,39,2
318,52,4
319,120,4
319,31,4
319,7,1
319,12,1
319,44,5
319,2,3
319,108,5
319,114,3
319,20,3
319,126,5
319,17,1
319,71,2
319,29,5
319,56,1
319,73,1
319,46,2
319,69,1
319,117,2
319,93,1
319,107,2
320,60,4
320,121,5
320,80,3
320,15,2
320,132,4
320,44,2
320,103,3
320,72,4
320,108,5
320,49,4
320,87,1
320,91,5
320,51,4
320,23,2
320,33,1
320,7,5
320,1,5
320,93,2
320,6,5
320,120,3
321,57,5
321,6,4
321,59,2
321,39,4
321,107,1
321,142,4
321,13,1
321,26,4
321,1,3
321,11,1
321,95,1
321,99,5
321,32,5
321,10,4
321,88,2
321,20,2
321,60,4
321,82,2
321,47,2
321,144,4
322,124,2
322,19,4
322,20,5
322,96,1
322,1,4
322,97,1
322,102,3
322,131,1
322,87,3
322,105,1
322,134,4
322,60,2
322,7,4
322,74,2
322,45,1
322,8,4
322,79,3
322,43,5
322,117,2
322,46,3
323,49,5
323,83,3
323,134,2
323,96,1
323,121,1
323,56,2
323,90,4
323,58,1
323,20,5
323,39,2
323,30,1
323,41,3
323,71,4
323,8,4
323,117,2
323,21,4
323,111,3
323,84,4
323,126,3
323,87,2
324,64,4
324,8,3
324,122,5
324,100,1
324,144,2
324,50,4
324,25,1
324,76,1
324,106,5
324,62,5
324,117,4
324,111,4
324,24,4
324,38,1
324,105,2
324,21,1
324,95,5
324,134,2
324,10,3
324,36,3
325,86,2
325,117,5
325,139,3
325,135,1
325,121,2
325,138,2
325,64,1
325,55,5
325,90,1
325,16,2
325,128,1
325,45,2
325,94,2
325,134,3
325,25,3
325,75,2
325,141,2
325,6,1
325,20,4
325,76,1
326,5,2
326,66,1
326,141,1
326,38,2
326,90,1
326,116,1
326,49,5
326,137,2
326,4,4
326,109,4
326,100,3
326,67,1
326,47,2
326,27,2
326,123,2
326,1,1
326,97,5
326,95,2
326,8,3
326,74,5
327,59,2
327,67,5
327,142,4
327,66,2
327,18,4
327,95,1
327,106,4
327,17,5
327,83,2
327,132,5
327,75,5
327,99,2
327,108,2
327,113,2
327,126,3
327,138,5
327,53,4
327,65,2
327,92,3
327,13,4
328,133,4
328,50,4
328,84,5
328,19,1
328,72,1
328,108,3
328,12,5
328,126,1
328,16,1
328,116,1
328,103,2
328,130,3
328,29,2
328,71,2
328,136,4
328,4,3
328,75,2
328,47,2
328,128,2
328,70,1
329,14,1
329,95,2
329,78,5
329,18,2
329,98,1
329,104,3
329,128,5
329,28,3
329,75,5
329,86,5
329,54,3
329,76,4
329,140,2
329,20,2
329,82,4
329,21,2
329,6,5
329,114,1
329,135,3
329,36,2
330,67,1
330,79,5
330,122,2
330,76,1
330,101,3
330,45,1
330,62,2
330,111,4
330,144,1
330,70,3
330,139,3
330,128,3
330,107,1
330,3,4
330,143,1
330,118,2
330,117,5
330,135,1
330,72,3
330,48,3
331,114,2
331,95,1
331,52,4
331,75,2
331,11,3
331,79,4
331,126,3
331,20,5
331,58,4
331,97,3
331,109,2
331,129,5
331,21,4
331,63,5
331,107,2
331,17,5
331,22,1
331,115,4
331,105,2
331,66,4
332,89,3
332,113,5
332,88,4
332,123,5
332,69,2
332,122,2
332,117,3
332,22,1
332,85,4
332,49,2
332,82,3
332,60,3
332,50,2
332,62,2
332,99,5
332,54,2
332,61,3
332,16,5
332,55,5
332,124,5
333,143,2
333,30,4
333,86,5
333,141,1
333,85,4
333,123,3
333,14,2
333,96,1
333,2,3
333,58,4
333,71,1
333,27,1
333,26,3
333,106,3
333,49,1
333,118,1
333,75,4
333,55,3
333,37,4
333,107,4
334,115,4
334,8,5
334,119,2
334,39,2
334,102,1
334,92,5
334,54,2
334,103,2
334,55,4
334,140,4
334,132,5
334,79,1
334,61,5
334,137,4
334,90,5
334,24,3
334,30,4
334,47,3
334,71,5
334,101,5
335,139,3
335,81,2
335,79,1
335,106,5
335,113,3
335,115,4
335,40,4
335,39,2
335,14,5
335,100,2
335,63,3
335,138,4
335,7,5
335,8,4
335,29,3
335,6,5
335,142,1
335,134,2
335,62,1
335,98,1
336,98,1
336,74,1
336,1,2
336,80,1
336,123,1
336,9,2
336,54,5
336,64,5
336,133,5
336,115,1
336,51,5
336,110,4
336,63,5
336,25,3
336,34,3
336,130,4
336,129,5
336,20,1
336,30,4
336,26,2
337,10,3
337,50,1
337,121,2
337,62,2
337,23,3
337,8,3
337,66,3
337,112,4
337,71,1
337,102,4
337,4,3
337,27,1
337,117,4
337,63,3
337,104,5
337,98,4
337,54,1
337,16,5
337,101,5
337,2,5
338,2,5
338,13,3
338,68,4
338,61,1
338,35,5
338,90,4
338,94,5
338,97,3
338,46,4
338,63,3
338,72,5
338,43,3
338,58,2
338,9,5
338,135,1
338,84,4
338,107,4
338,7,4
338,41,3
338,143,4
339,109,4
339,91,5
339,31,3
339,86,5
339,98,5
339,62,5
339,113,1
339,61,3
339,77,5
339,128,1
339,94,5
339,43,2
339,57,2
339,69,4
339,108,5
339,126,1
339,74,5
339,123,3
339,118,2
339,144,2
340,53,2
340,139,1
340,124,5
340,36,5
340,117,1
340,34,1
340,136,5
340,113,2
340,2,4
340,63,4
340,135,1
340,67,2
340,95,2
340,142,2
340,111,5
340,90,1
340,18,1
340,73,1
340,62,4
340,1,5
341,140,1
341,138,1
341,16,4
341,94,5
341,135,2
341,38,5
341,2,1
341,115,3
341,51,4
341,114,2
341,128,5
341,23,1
341,28,5
341,68,4
341,111,4
341,62,5
341,22,2
341,124,2
341,83,2
341,42,1
342,126,4
342,80,3
342,127,5
342,25,2
342,61,4
342,29,4
342,78,2
342,84,4
342,106,3
342,54,4
342,39,4
342,135,1
342,26,3
342,36,3
342,6,4
342,20,2
342,122,1
342,47,1
342,92,1
342,137,2
343,2,3
343,4,1
343,10,3
343,123,3
343,102,5
343,31,5
343,89,1
343,133,5
343,90,4
343,20,5
343,78,5
343,56,4
343,122,5
343,121,1
343,21,2
343,144,5
343,128,5
343,47,1
343,49,4
343,142,3
344,81,2
344,30,5
344,131,3
344,68,2
344,117,1
344,52,5
344,38,4
344,56,1
344,77,3
344,14,4
344,3,4
344,66,1
344,115,2
344,106,1
344,87,5
344,58,5
344,10,2
344,27,5
344,31,5
344,1,4
345,139,2
345,16,5
345,2,2
345,33,4
345,11,1
345,126,4
345,14,4
345,36,5
345,37,2
345,109,4
345,137,1
345,34,2
345,13,5
345,98,2
345,57,1
345,89,1
345,71,1
345,63,1
345,136,5
345,52,3
346,97,5
346,127,2
346,58,5
346,111,4
346,64,1
346,109,5
346,10,5
346,142,4
346,96,4
346,22,4
346,112,5
346,144,1
346,34,2
346,45,2
346,74,1
346,104,4
346,134,5
346,86,2
346,129,3
346,23,2
347,45,5
347,67,4
347,58,1
347,89,1
347,129,4
347,119,5
347,7,3
347,60,2
347,86,2
347,49,4
347,102,1
347,132,4
347,120,1
347,78,2
347,122,5
347,54,4
347,5,5
347,127,4
347,95,3
347,75,5
348,139,4
348,106,2
348,122,5
348,17,3
348,74,4
348,2,4
348,44,5
348,143,3
348,83,5
348,129,3
348,60,2
348,115,2
348,19,3
348,35,3
348,140,4
348,7,1
348,117,5
348,92,4
348,38,5
348,41,3
349,85,4
349,137,5
349,9,3
349,126,5
349,38,4
349,57,1
349,5,3
349,32,5
349,31,5
349,95,1
349,131,4
349,11,2
349,40,5
349,87,5
349,135,4
349,20,5
349,4,1
349,105,1
349,143,5
349,27,5
350,140,1
350,102,1
350,4,4
350,144,3
350,99,3
350,142,4
350,33,5
350,105,2
350,88,3
350,16,5
350,100,3
350,79,5
350,107,2
350,108,1
350,132,3
350,84,3
350,53,1
350,78,3
350,130,4
350,82,1
351,34,3
351,7,4
351,15,2
351,102,3
351,47,1
351,49,5
351,56,5
351,80,4
351,51,3
351,35,5
351,28,4
351,114,2
351,26,3
351,136,4
351,110,3
351,9,5
351,140,1
351,21,1
351,27,5
351,137,1
352,27,2
352,25,1
352,92,3
352,111,4
352,36,1
352,2,5
352,75,5
352,57,2
352,10,3
352,84,3
352,123,4
352,64,3
352,71,2
352,97,5
352,66,1
352,14,4
352,15,3
352,44,3
352,142,1
352,65,4
353,88,3
353,70,1
353,141,3
353,135,5
353,103,4
353,120,2
353,83,5
353,42,5
353,123,4
353,17,1
353,121,1
353,116,3
353,72,5
353,30,4
353,93,3
353,62,2
353,49,1
353,52,5
353,136,2
353,45,5
354,61,1
354,100,1
354,14,1
354,138,5
354,117,5
354,62,4
354,8,5
354,88,5
354,9,3
354,78,2
354,92,2
354,45,4
354,77,3
354,70,5
354,98,3
354,27,1
354,140,4
354,102,4
354,121,4
354,104,3
355,66,3
355,25,1
355,98,5
355,95,3
355,64,4
355,75,3
355,47,2
355,51,1
355,74,3
355,132,3
355,19,5
355,67,2
355,5,4
355,59,2
355,7,1
355,35,1
355,54,1
355,38,1
355,92,4
355,123,3
356,116,5
356,56,5
356,27,3
356,28,1
356,59,5
356,75,1
356,44,2
356,91,5
356,3,4
356,46,1
356,15,4
356,89,5
356,110,2
356,90,2
356,94,4
356,105,2
356,6,1
356,53,4
356,29,3
356,4,5
357,3,4
357,11,4
357,10,5
357,45,2
357,131,2
357,94,1
357,47,1
357,137,2
357,69,1
357,72,2
357,119,1
357,44,1
357,32,3
357,88,2
357,133,2
357,64,5
357,83,4
357,108,2
357,138,2
357,56,1
358,114,5
358,69,5
358,27,3
358,134,4
358,127,3
358,64,2
358,112,5
358,25,5
358,53,5
358,20,1
358,42,5
358,66,2
358,73,3
358,103,4
358,79,2
358,11,3
358,43,4
358,98,5
358,125,2
358,59,4
359,44,2
359,24,2
359,126,5
359,115,2
359,8,3
359,84,2
359,104,1
359,1,1
359,40,2
359,68,1
359,53,5
359,117,2
359,73,1
359,95,1
359,143,1
359,63,5
359,52,4
359,92,2
359,110,4
359,39,3
360,13,1
360,25,5
360,109,3
360,63,2
360,62,4
360,15,3
360,94,4
360,28,5
360,124,4
360,137,4
360,9,5
360,23,3
360,18,1
360,129,3
360,36,4
360,101,4
360,110,2
360,10,4
360,44,4
360,111,2
361,115,2
361,27,2
361,123,3
361,40,3
361,90,5
361,16,2
361,120,5
361,34,2
361,92,5
361,56,4
361,85,3
361,138,5
361,109,1
361,82,2
361,114,4
361,57,5
361,24,3
361,69,4
361,60,4
361,143,3
362,118,4
362,66,3
362,44,4
362,21,3
362,5,4
362,35,3
362,16,3
362,13,5
362,108,5
362,60,5
362,98,3
362,78,4
362,9,5
362,93,1
362,45,1
362,26,2
362,67,1
362,110,5
362,15,3
362,24,4
363,78,4
363,140,3
363,114,4
363,48,4
363,72,2
363,88,2
363,123,3
363,79,2
363,44,4
363,117,4
363,139,5
363,47,4
363,62,4
363,102,5
363,10,1
363,144,2
363,99,2
363,119,4
363,77,2
363,11,2
364,27,5
364,29,3
364,103,4
364,20,5
364,15,1
364,39,1
364,129,5
364,12,5
364,53,3
364,111,5
364,51,4
364,131,4
364,25,4
364,17,2
364,3,1
364,44,1
364,104,4
364,92,1
364,1,5
364,114,4
365,25,4
365,51,3
365,84,1
365,118,2
365,143,2
365,48,2
365,58,5
365,75,5
365,55,4
365,144,5
365,4,4
365,3,4
365,140,4
365,70,2
365,60,4
365,92,4
365,116,5
365,57,3
365,43,2
365,28,1
366,116,5
366,81,5
366,7,2
366,131,4
366,103,4
366,45,2
366,2,3
366,133,5
366,37,4
366,42,1
366,39,5
366,30,1
366,69,2
366,119,4
366,57,5
366,96,4
366,53,2
366,66,2
366,34,5
366,20,4
367,59,5
367,142,3
367,62,3
367,54,4
367,10,4
367,39,4
367,42,4
367,138,4
367,131,1
367,49,5
367,99,2
367,4,5
367,15,5
367,18,1
367,73,3
367,16,5
367,98,1
367,111,2
367,125,3
367,88,3
368,48,4
368,7,1
368,30,2
368,68,3
368,38,4
368,129,4
368,131,2
368,136,2
368,11,4
368,135,1
368,101,1
368,123,1
368,78,5
368,113,1
368,46,1
368,121,4
368,141,5
368,20,2
368,16,4
368,9,2
369,142,5
369,103,2
369,14,2
369,55,1
369,112,3
369,136,5
369,54,1
369,123,4
369,58,5
369,7,1
369,131,5
369,113,2
369,130,5
369,2,4
369,89,3
369,35,2
369,81,1
369,30,5
369,44,1
369,77,1
370,138,3
370,104,4
370,99,4
370,33,1
370,41,2
370,14,5
370,89,4
370,24,4
370,87,5
370,135,5
370,137,2
370,69,4
370,106,5
370,131,5
370,92,2
370,58,4
370,48,5
370,82,2
370,18,5
370,1,4
371,120,3
371,103,2
371,98,1
371,118,1
371,24,2
371,37,5
371,106,1
371,136,2
371,4,2
371,105,5
371,134,3
371,124,1
371,6,4
371,78,5
371,17,3
371,141,3
371,70,2
371,96,5
371,108,1
371,46,4
372,97,5
372,7,3
372,46,2
372,50,3
372,130,5
372,61,3
372,52,1
372,30,5
372,54,3
372,113,1
372,103,3
372,59,2
372,91,1
372,77,5
372,10,5
372,49,3
372,86,4
372,71,1
372,53,4
372,56,2
373,124,3
373,26,1
373,132,3
373,121,2
373,96,3
373,60,4
373,126,4
373,128,5
373,70,2
373,75,2
373,73,2
373,20,4
373,53,5
373,123,5
373,101,1
373,14,5
373,99,1
373,142,4
373,105,4
373,36,2
374,28,4
374,58,5
374,29,4
374,108,2
374,18,3
374,66,4
374,39,5
374,43,5
374,45,4
374,56,1
374,141,5
374,6,5
374,109,5
374,119,5
374,61,4
374,11,1
374,21,3
374,99,5
374,116,4
374,26,5
375,101,4
375,10,4
375,17,4
375,4,5
375,27,5
375,109,1
375,76,1
375,79,3
375,61,1
375,81,4
375,140,3
375,78,4
375,63,4
375,30,4
375,32,5
375,137,5
375,120,2
375,97,3
375,43,4
375,112,1
376,46,3
376,33,1
376,54,1
376,31,4
376,68,2
376,113,2
376,49,3
376,78,4
376,75,5
376,28,5
376,13,3
376,116,4
376,93,5
376,132,4
376,103,4
376,84,5
376,62,1
376,98,2
376,82,4
376,94,5
377,117,1
377,1,3
377,88,3
377,74,1
377,43,1
377,140,2
377,63,1
377,39,4
377,62,2
377,4,3
377,33,4
377,69,2
377,104,4
377,7,4
377,26,5
377,121,3
377,98,5
377,5,4
377,114,1
377,142,2
378,71,1
378,37,5
378,66,2
378,50,5
378,2,5
378,19,1
378,14,2
378,111,3
378,13,3
378,17,2
378,27,4
378,4,1
378,83,5
378,41,2
378,42,1
378,64,3
378,59,4
378,16,3
378,53,1
378,10,5
379,79,3
379,71,1
379,141,3
379,64,2
379,48,1
379,116,5
379,108,5
379,35,2
379,119,5
379,8,2
379,42,5
379,13,2
379,51,5
379,56,1
379,15,5
379,133,3
379,122,3
379,33,3
379,23,2
379,29,2
380,55,1
380,119,5
380,70,3
380,132,3
380,27,5
380,105,2
380,124,3
380,133,3
380,71,5
380,42,5
380,114,1
380,74,2
380,81,1
380,4,3
380,21,4
380,7,2
380,45,4
380,91,3
380,82,1
380,20,2
381,80,5
381,97,4
381,104,1
381,100,5
381,5,3
381,46,2
381,51,2
381,128,5
381,42,2
381,1,5
381,132,1
381,10,1
381,11,4
381,26,5
381,6,4
381,9,4
381,103,5
381,68,2
381,38,4
381,102,2
382,18,5
382,30,3
382,3,1
382,100,2
382,119,4
382,48,4
382,45,4
382,131,5
382,137,4
382,57,1
382,90,3
382,22,5
382,136,5
382,140,4
382,50,2
382,133,5
382,82,5
382,78,1
382,122,4
382,24,5
383,41,1
383,53,1
383,143,2
383,120,2
383,11,1
383,40,5
383,110,4
383,1,1
383,2,1
383,17,1
383,34,1
383,42,1
383,43,1
383,116,2
383,51,1
383,111,4
383,100,4
383,83,1
383,74,2
383,25,2
384,91,5
384,79,5
384,143,5
384,94,5
384,29,5
384,2,2
384,52,3
384,30,5
384,75,4
384,59,5
384,7,5
384,34,4
384,115,1
384,117,5
384,89,4
384,4,2
384,132,2
384,51,1
384,95,5
384,134,5
385,74,3
385,52,5
385,85,2
385,93,2
385,70,1
385,121,4
385,42,2
385,133,4
385,6,1
385,118,2
385,37,4
385,68,2
385,40,4
385,26,4
385,27,1
385,115,2
385,17,1
385,110,1
385,9,2
385,84,1
386,75,3
386,134,5
386,91,4
386,8,3
386,85,2
386,30,4
386,67,1
386,121,5
386,28,5
386,129,5
386,114,4
386,118,4
386,69,1
386,51,3
386,37,4
386,35,5
386,36,1
386,16,3
386,4,3
386,119,5
387,139,4
387,141,1
387,5,2
387,116,2
387,101,4
387,69,4
387,10,1
387,14,5
387,49,5
387,92,5
387,82,4
387,93,2
387,19,1
387,44,1
387,24,4
387,103,2
387,50,4
387,98,3
387,46,2
387,100,2
388,26,5
388,117,1
388,118,2
388,141,2
388,101,4
388,31,1
388,81,4
388,112,5
388,58,5
388,13,2
388,85,4
388,88,5
388,111,5
388,131,1
388,94,1
388,33,3
388,28,1
388,73,2
388,12,1
388,113,2
389,94,2
389,89,5
389,142,3
389,78,3
389,127,3
389,80,1
389,50,5
389,131,2
389,124,2
389,16,4
389,66,2
389,112,1
389,115,5
389,4,4
389,6,4
389,143,2
389,43,5
389,38,1
389,34,3
389,95,1
390,100,4
390,119,1
390,141,2
390,38,5
390,90,2
390,72,2
390,24,2
390,132,5
390,81,5
390,138,2
390,111,5
390,42,1
390,99,4
390,75,3
390,6,1
390,144,1
390,23,1
390,65,2
390,41,1
390,14,1
391,108,4
391,78,3
391,113,1
391,17,2
391,83,1
391,136,3
391,58,5
391,11,2
391,89,1
391,3,3
391,7,4
391,84,4
391,16,3
391,129,4
391,46,2
391,93,2
391,31,4
391,137,2
391,37,4
391,139,2
392,50,1
392,132,4
392,117,4
392,109,4
392,42,3
392,91,3
392,53,3
392,120,5
392,84,3
392,115,5
392,17,4
392,71,3
392,5,4
392,129,4
392,143,1
392,36,5
392,74,2
392,125,3
392,121,5
392,62,1
393,73,3
393,78,2
393,23,3
393,30,4
393,31,3
393,70,5
393,118,4
393,18,4
393,109,3
393,25,5
393,107,5
393,7,1
393,113,3
393,76,2
393,46,3
393,54,1
393,112,1
393,106,1
393,115,2
393,104,2
394,24,4
394,41,5
394,116,5
394,106,1
394,58,3
394,96,5
394,53,5
394,14,5
394,105,1
394,42,2
394,82,5
394,22,5
394,99,5
394,87,5
394,130,4
394,55,4
394,47,5
394,32,2
394,8,5
394,131,1
395,33,1
395,35,2
395,56,4
395,21,2
395,131,5
395,91,4
395,80,1
395,133,4
395,88,2
395,85,3
395,38,2
395,73,4
395,12,1
395,6,4
395,96,3
395,42,1
395,28,2
395,78,3
395,84,1
395,43,5
396,30,4
396,58,1
396,29,1
396,51,5
396,64,5
396,43,4
396,128,3
396,108,2
396,2,5
396,66,2
396,106,3
396,142,3
396,138,4
396,83,5
396,24,3
396,144,4
396,52,5
396,122,1
396,113,2
396,132,5
397,56,2
397,18,4
397,53,5
397,132,5
397,124,4
397,82,3
397,128,5
397,109,4
397,35,1
397,135,5
397,85,4
397,26,3
397,75,1
397,42,2
397,40,3
397,61,3
397,73,3
397,141,5
397,136,5
397,27,5
398,36,5
398,43,2
398,44,4
398,69,5
398,111,2
398,20,5
398,136,1
398,131,3
398,9,4
398,121,3
398,100,3
398,63,3
398,138,3
398,48,1
398,67,5
398,16,5
398,85,1
398,94,3
398,102,2
398,115,4
399,139,4
399,97,1
399,112,5
399,95,5
399,45,5
399,57,2
399,44,4
399,85,5
399,10,1
399,40,3
399,129,3
399,47,4
399,113,3
399,137,3
399,87,5
399,99,4
399,42,1
399,94,4
399,141,5
399,55,2
400,143,1
400,74,4
400,95,2
400,24,1
400,121,4
400,112,4
400,132,5
400,49,4
400,42,2
400,72,2
400,41,2
400,82,5
400,32,1
400,89,1
400,117,2
400,81,3
400,93,1
400,136,3
400,69,1
400,51,4
401,124,2
401,73,2
401,28,3
401,56,4
401,46,2
401,25,5
401,127,5
401,5,4
401,71,1
401,142,1
401,80,1
401,66,1
401,120,2
401,87,5
401,47,2
401,110,2
401,55,1
401,111,4
401,144,1
401,21,1
402,126,2
402,71,1
402,108,4
402,56,4
402,37,3
402,20,2
402,92,2
402,39,3
402,1,4
402,106,1
402,96,2
402,60,4
402,65,1
402,50,5
402,134,2
402,91,2
402,114,1
402,120,1
402,109,2
402,141,1
403,71,4
403,137,4
403,36,4
403,37,4
403,90,1
403,105,1
403,108,3
403,85,3
403,35,4
403,56,1
403,72,2
403,31,4
403,81,2
403,8,3
403,123,3
403,23,3
403,39,4
403,133,4
403,1,2
403,61,5
404,78,3
404,68,1
404,48,1
404,129,4
404,6,2
404,56,5
404,58,1
404,42,2
404,11,2
404,65,2
404,110,2
404,71,1
404,91,2
404,144,2
404,108,5
404,80,2
404,72,2
404,66,1
404,134,4
404,28,1
405,75,1
405,79,2
405,122,1
405,140,2
405,19,2
405,77,2
405,110,4
405,119,2
405,125,5
405,2,4
405,101,4
405,61,1
405,139,2
405,138,2
405,105,5
405,3,3
405,59,4
405,92,2
405,87,4
405,44,1
406,80,4
406,58,5
406,9,2
406,106,3
406,21,3
406,49,5
406,12,3
406,118,4
406,2,5
406,73,5
406,107,4
406,24,5
406,85,3
406,41,5
406,79,5
406,56,5
406,86,2
406,54,5
406,93,4
406,45,4
407,31,2
407,116,3
407,42,5
407,104,3
407,30,1
407,61,4
407,98,2
407,47,4
407,51,5
407,101,2
407,63,3
407,80,3
407,129,5
407,93,3
407,105,5
407,84,1
407,64,2
407,19,3
407,122,5
407,38,5
408,102,4
408,93,5
408,86,5
408,128,2
408,65,1
408,69,2
408,15,2
408,99,1
408,43,5
408,96,2
408,92,3
408,22,4
408,51,5
408,60,3
408,94,1
408,131,1
408,75,1
408,105,5
408,95,3
408,1,3
409,68,2
409,78,2
409,109,1
409,130,4
409,97,4
409,122,1
409,87,3
409,138,2
409,33,3
409,50,5
409,143,2
409,85,2
409,65,1
409,9,2
409,43,1
409,70,1
409,1,4
409,58,5
409,22,2
409,14,1
410,38,3
410,134,4
410,79,4
410,117,2
410,101,3
410,115,2
410,135,5
410,88,5
410,24,1
410,92,1
410,5,1
410,54,4
410,9,3
410,136,4
410,25,5
410,82,2
410,20,2
410,113,4
410,8,1
410,43,4
411,40,5
411,100,3
411,15,5
411,130,1
411,50,4
411,116,2
411,109,3
411,129,1
411,52,4
411,70,1
411,78,5
411,81,1
411,16,4
411,119,4
411,144,4
411,14,3
411,12,3
411,85,1
411,112,4
411,75,3
412,17,1
412,54,3
412,32,5
412,105,1
412,3,2
412,75,3
412,93,5
412,60,1
412,35,5
412,11,1
412,44,4
412,104,5
412,76,4
412,48,5
412,59,1
412,20,1
412,79,2
412,23,5
412,26,4
412,90,3
413,76,2
413,3,2
413,131,2
413,114,1
413,30,4
413,138,2
413,50,4
413,137,2
413,53,1
413,56,1
413,105,1
413,52,5
413,31,5
413,61,2
413,67,1
413,106,3
413,92,2
413,96,2
413,37,5
413,45,2
414,76,5
414,19,2
414,40,2
414,44,5
414,116,4
414,87,4
414,94,4
414,143,3
414,35,4
414,23,3
414,110,3
414,22,4
414,71,4
414,125,2
414,58,1
414,38,3
414,24,5
414,52,1
414,13,3
414,49,3
415,7,4
415,13,1
415,68,4
415,57,4
415,24,1
415,96,5
415,4,4
415,11,5
415,38,5
415,74,4
415,101,3
415,75,4
415,23,3
415,44,5
415,99,1
415,42,5
415,31,1
415,28,1
415,48,5
415,47,1
416,113,2
416,3,4
416,132,3
416,56,5
416,12,3
416,43,2
416,88,2
416,55,4
416,112,2
416,68,1
416,103,4
416,52,4
416,86,5
416,85,4
416,144,1
416,118,2
416,71,1
416,37,5
416,126,2
416,64,4
417,70,5
417,24,2
417,136,4
417,96,1
417,130,5
417,26,3
417,138,4
417,112,2
417,69,5
417,72,4
417,121,1
417,5,1
417,9,4
417,143,4
417,54,4
417,104,1
417,99,5
417,27,5
417,116,1
417,47,5
418,114,5
418,20,2
418,76,4
418,137,3
418,108,5
418,109,5
418,134,4
418,106,4
418,41,2
418,70,2
418,8,5
418,118,5
418,22,5
418,89,4
418,49,2
418,39,2
418,24,1
418,82,5
418,73,5
418,3,4
419,64,1
419,91,5
419,5,4
419,55,2
419,130,4
419,25,4
419,66,5
419,39,2
419,83,1
419,67,2
419,88,3
419,92,2
419,136,5
419,127,5
419,69,5
419,112,1
419,17,4
419,12,4
419,8,4
419,101,2
420,101,5
420,118,3
420,30,4
420,9,4
420,2,4
420,31,4
420,121,5
420,59,4
420,138,4
420,123,5
420,41,2
420,24,3
420,95,4
420,130,4
420,45,3
420,66,4
420,83,2
420,62,1
420,65,3
420,82,5
421,122,1
421,103,2
421,84,3
421,65,4
421,143,3
421,132,1
421,142,2
421,51,3
421,81,1
421,94,2
421,53,3
421,40,1
421,71,2
421,7,4
421,5,4
421,10,5
421,78,1
421,113,3
421,96,4
421,137,1
422,127,4
422,14,3
422,123,2
422,143,4
422,41,5
422,45,5
422,8,5
422,102,4
422,96,3
422,137,4
422,30,5
422,52,3
422,46,5
422,106,5
422,21,4
422,26,5
422,142,3
422,108,2
422,22,1
422,124,3
423,84,1
423,59,2
423,30,2
423,133,5
423,52,5
423,29,3
423,106,1
423,132,5
423,96,2
423,37,5
423,124,5
423,10,3
423,57,5
423,79,5
423,46,4
423,44,3
423,139,4
423,104,2
423,22,5
423,5,3
424,70,3
424,16,3
424,23,2
424,139,3
424,52,1
424,137,1
424,44,5
424,123,4
424,47,4
424,5,2
424,81,3
424,99,3
424,26,5
424,72,3
424,24,3
424,126,4
424,114,1
424,53,4
424,87,3
424,20,4
425,33,5
425,141,3
425,57,4
425,5,1
425,134,3
425,93,5
425,29,1
425,87,4
425,113,5
425,118,2
425,27,3
425,100,3
425,99,2
425,127,2
425,67,5
425,76,4
425,40,5
425,63,5
425,53,4
425,49,4
426,2,5
426,16,3
426,57,2
426,130,2
426,105,4
426,128,1
426,95,2
426,94,4
426,59,4
426,143,4
426,32,5
426,41,5
426,91,2
426,136,4
426,104,3
426,87,3
426,54,3
426,4,4
426,78,2
426,138,4
427,79,1
427,102,2
427,59,3
427,76,1
427,38,5
427,109,2
427,83,3
427,56,5
427,73,2
427,3,2
427,70,1
427,21,1
427,20,1
427,47,4
427,135,1
427,60,1
427,113,5
427,78,5
427,96,5
427,87,1
428,50,3
428,136,3
428,15,5
428,79,4
428,142,2
428,111,4
428,92,5
428,60,1
428,17,5
428,129,3
428,53,1
428,89,4
428,25,1
428,109,4
428,2,5
428,144,1
428,123,3
428,103,1
428,127,4
428,28,2
429,88,5
429,90,2
429,30,4
429,70,1
429,17,2
429,62,5
429,117,1
429,106,5
429,27,2
429,57,3
429,76,5
429,126,4
429,18,2
429,131,1
429,64,3
429,86,2
429,51,5
429,60,5
429,82,1
429,68,1
430,99,5
430,116,2
430,12,1
430,61,5
430,26,5
430,84,5
430,11,4
430,73,2
430,51,4
430,21,2
430,64,5
430,58,1
430,117,2
430,38,2
430,63,2
430,105,4
430,138,2
430,121,2
430,67,1
430,97,5
431,18,2
431,142,2
431,115,2
431,41,1
431,19,1
431,33,1
431,4,5
431,121,1
431,85,5
431,77,5
431,34,5
431,7,2
431,55,5
431,9,5
431,81,5
431,3,5
431,1,2
431,125,1
431,111,5
431,82,4
432,37,5
432,33,2
432,15,4
432,75,3
432,103,4
432,63,3
432,133,3
432,60,4
432,79,4
432,34,5
432,6,3
432,35,1
432,80,5
432,41,5
432,25,1
432,137,4
432,4,4
432,58,2
432,53,2
432,51,4
433,31,2
433,26,3
433,114,1
433,32,3
433,82,3
433,130,4
433,58,3
433,123,5
433,144,5
433,67,2
433,20,2
433,29,1
433,95,1
433,69,5
433,60,5
433,81,4
433,80,4
433,45,1
433,44,1
433,133,5
434,91,5
434,52,4
434,99,1
434,92,5
434,54,4
434,65,5
434,106,1
434,42,4
434,26,5
434,51,3
434,82,5
434,140,4
434,30,4
434,71,5
434,79,1
434,16,2
434,49,3
434,39,5
434,113,1
434,19,5
435,36,1
435,8,4
435,106,2
435,84,2
435,83,5
435,53,5
435,10,5
435,103,1
435,89,1
435,142,1
435,129,1
435,39,1
435,29,2
435,135,1
435,117,2
435,112,3
435,66,1
435,19,1
435,38,4
435,48,1
436,109,4
436,59,5
436,132,1
436,102,1
436,113,1
436,100,1
436,4,5
436,10,3
436,56,5
436,77,3
436,142,2
436,78,3
436,130,1
436,94,2
436,90,2
436,18,2
436,114,2
436,64,5
436,83,4
436,81,3
437,71,2
437,5,5
437,86,5
437,43,1
437,46,1
437,47,2
437,90,2
437,121,4
437,129,5
437,68,1
437,52,4
437,124,4
437,130,4
437,28,1
437,64,3
437,122,4
437,114,1
437,98,5
437,89,1
437,95,1
438,76,2
438,19,2
438,43,1
438,22,2
438,32,5
438,141,5
438,25,1
438,137,5
438,95,3
438,144,4
438,88,3
438,10,3
438,113,4
438,11,3
438,133,5
438,52,4
438,65,3
438,17,4
438,57,4
438,60,1
439,29,2
439,117,4
439,82,4
439,115,5
439,69,5
439,109,3
439,74,4
439,45,4
439,97,4
439,101,1
439,1,5
439,103,5
439,81,3
439,94,1
439,18,4
439,91,3
439,104,4
439,120,1
439,17,5
439,2,4
440,64,5
440,83,1
440,138,1
440,80,2
440,144,2
440,131,1
440,20,2
440,127,4
440,63,4
440,62,4
440,38,3
440,65,1
440,81,1
440,143,2
440,66,2
440,57,5
440,95,1
440,142,2
440,129,1
440,60,4
441,73,3
441,131,5
441,41,5
441,114,4
441,127,5
441,63,1
441,78,5
441,99,5
441,21,1
441,142,5
441,130,4
441,106,4
441,18,3
441,20,5
441,52,4
441,34,5
441,86,2
441,123,1
441,76,4
441,80,1
442,117,4
442,131,5
442,135,3
442,60,4
442,58,5
442,17,1
442,137,5
442,114,3
442,31,5
442,69,5
442,112,4
442,41,5
442,74,1
442,5,3
442,104,3
442,67,4
442,92,3
442,106,3
442,11,1
442,86,4
443,35,4
443,103,4
443,90,3
443,124,5
443,31,5
443,93,3
443,17,1
443,53,5
443,4,5
443,96,4
443,144,1
443,15,4
443,97,2
443,132,2
443,7,4
443,46,4
443,71,5
443,102,3
443,74,3
443,14,5
444,72,1
444,135,5
444,59,3
444,78,5
444,98,3
444,58,3
444,55,5
444,29,3
444,8,1
444,130,5
444,134,5
444,84,3
444,127,5
444,144,5
444,118,5
444,108,2
444,42,1
444,107,5
444,66,3
444,104,4
445,144,3
445,53,1
445,122,2
445,44,3
445,36,1
445,48,2
445,101,4
445,52,5
445,49,1
445,108,5
445,127,5
445,16,3
445,78,4
445,24,4
445,9,5
445,118,5
445,7,4
445,73,4
445,91,1
445,55,1
446,2,1
446,126,1
446,28,4
446,59,5
446,14,3
446,133,2
446,106,3
446,39,3
446,121,2
446,108,5
446,6,2
446,136,4
446,56,4
446,34,3
446,113,2
446,54,4
446,30,5
446,11,1
446,36,3
446,35,2
447,122,4
447,129,4
447,64,3
447,46,2
447,130,4
447,134,5
447,67,5
447,42,3
447,56,4
447,138,5
447,48,4
447,96,2
447,86,3
447,43,2
447,76,4
447,126,4
447,10,3
447,53,3
447,85,4
447,39,3
448,82,1
448,45,2
448,107,4
448,13,5
448,38,1
448,101,2
448,88,3
448,3,5
448,23,1
448,98,1
448,32,5
448,10,4
448,120,4
448,30,2
448,112,5
448,143,2
448,100,4
448,41,1
448,68,4
448,28,5
449,6,4
449,124,3
449,82,1
449,119,1
449,36,5
449,94,2
449,67,2
449,134,2
449,118,2
449,70,1
449,139,2
449,37,4
449,12,5
449,11,1
449,53,5
449,133,2
449,63,3
449,121,2
449,69,2
449,1,1
450,115,2
450,71,1
450,100,2
450,132,5
450,65,2
450,95,1
450,2,1
450,134,4
450,108,1
450,136,5
450,1,2
450,67,1
450,49,2
450,129,4
450,79,4
450,68,2
450,142,1
450,55,2
450,25,5
450,59,4
451,99,2
451,88,5
451,59,5
451,48,1
451,56,4
451,57,5
451,125,2
451,117,1
451,35,5
451,64,4
451,2,5
451,5,3
451,110,5
451,54,4
451,81,3
451,114,2
451,42,1
451,1,1
451,63,4
451,139,1
452,9,4
452,27,3
452,23,2
452,43,1
452,57,4
452,32,5
452,29,2
452,59,3
452,84,4
452,86,4
452,39,1
452,143,1
452,12,5
452,17,1
452,30,1
452,3,1
452,116,1
452,76,4
452,10,3
452,132,3
453,33,4
453,137,5
453,30,5
453,78,5
453,144,2
453,8,4
453,116,4
453,129,3
453,18,1
453,7,3
453,35,4
453,39,1
453,56,1
453,38,5
453,66,5
453,22,3
453,58,2
453,31,2
453,87,5
453,13,4
454,1,5
454,98,5
454,117,2
454,84,3
454,50,1
454,54,5
454,16,4
454,108,3
454,55,2
454,77,5
454,68,5
454,27,2
454,65,3
454,106,3
454,7,5
454,109,2
454,131,2
454,34,5
454,138,2
454,75,3
455,118,4
455,60,2
455,65,3
455,16,1
455,116,1
455,19,1
455,138,2
455,119,1
455,122,1
455,124,4
455,102,1
455,53,1
455,112,4
455,83,4
455,141,5
455,42,3
455,101,4
455,74,5
455,76,4
455,135,5
456,86,5
456,10,4
456,24,4
456,49,5
456,62,5
456,130,3
456,131,1
456,25,3
456,91,3
456,109,2
456,52,2
456,32,4
456,112,5
456,97,5
456,90,4
456,4,5
456,141,4
456,108,2
456,73,5
456,139,1
457,103,4
457,5,5
457,128,2
457,14,2
457,99,1
457,37,5
457,105,5
457,11,4
457,31,5
457,93,1
457,72,2
457,52,1
457,30,5
457,82,2
457,142,2
457,54,4
457,22,2
457,64,4
457,58,4
457,66,2
458,62,2
458,9,5
458,106,2
458,144,1
458,37,4
458,4,4
458,75,5
458,78,5
458,26,4
458,52,1
458,10,1
458,135,3
458,139,1
458,88,5
458,85,4
458,11,3
458,35,3
458,98,5
458,24,2
458,122,4
459,5,3
459,75,4
459,12,5
459,46,1
459,51,3
459,100,5
459,101,4
459,39,5
459,36,4
459,70,2
459,68,2
459,99,3
459,11,1
459,124,3
459,138,1
459,21,1
459,72,1
459,133,2
459,89,1
459,20,1
460,143,4
460,73,4
460,126,5
460,24,5
460,108,2
460,67,5
460,39,1
460,57,3
460,99,4
460,109,4
460,104,2
460,112,5
460,1,4
460,90,5
460,116,1
460,65,5
460,35,3
460,19,1
460,17,5
460,88,4
461,74,4
461,22,2
461,134,3
461,114,2
461,117,1
461,87,4
461,42,1
461,96,2
461,135,4
461,27,5
461,136,1
461,123,2
461,41,1
461,59,4
461,82,3
461,92,1
461,88,1
461,13,2
461,35,4
461,54,1
462,41,1
462,140,1
462,1,4
462,32,4
462,28,4
462,3,5
462,22,2
462,89,2
462,39,2
462,16,4
462,87,1
462,63,2
462,7,4
462,15,5
462,27,4
462,112,3
462,40,5
462,17,2
462,88,3
462,80,3
463,65,1
463,7,5
463,138,1
463,139,5
463,62,2
463,106,5
463,12,2
463,83,2
463,52,5
463,71,2
463,70,5
463,80,5
463,85,4
463,1,4
463,44,5
463,64,5
463,30,4
463,25,5
463,118,3
463,131,5
464,142,2
464,25,4
464,38,5
464,68,5
464,7,3
464,36,4
464,17,5
464,16,4
464,26,3
464,95,2
464,18,2
464,55,5
464,96,4
464,82,5
464,115,5
464,110,5
464,63,5
464,134,4
464,8,5
464,23,3
465,60,5
465,99,4
465,127,4
465,9,5
465,89,1
465,43,1
465,26,3
465,45,1
465,74,4
465,19,1
465,6,3
465,83,2
465,138,2
465,47,1
465,101,3
465,130,4
465,105,3
465,23,2
465,28,1
465,38,2
466,103,5
466,93,1
466,90,1
466,29,3
466,139,2
466,59,4
466,84,4
466,105,1
466,113,1
466,102,5
466,18,1
466,68,2
466,100,4
466,17,1
466,96,1
466,46,1
466,41,2
466,5,2
466,50,4
466,125,3
467,49,4
467,38,4
467,138,2
467,33,2
467,125,1
467,40,5
467,94,1
467,91,2
467,121,3
467,29,2
467,135,1
467,109,5
467,37,5
467,116,1
467,39,5
467,144,1
467,62,5
467,136,5
467,70,2
467,51,3
468,13,5
468,121,5
468,23,4
468,113,5
468,89,2
468,101,4
468,114,3
468,31,1
468,52,4
468,106,2
468,29,2
468,107,2
468,63,2
468,16,4
468,95,2
468,65,2
468,62,2
468,25,2
468,5,5
468,43,4
469,7,1
469,110,5
469,71,2
469,46,2
469,75,4
469,17,1
469,1,3
469,132,2
469,78,2
469,69,2
469,60,5
469,143,1
469,45,1
469,116,1
469,23,1
469,115,2
469,4,1
469,94,2
469,121,2
469,55,3
470,129,3
470,70,2
470,58,1
470,26,5
470,100,3
470,101,2
470,119,2
470,28,5
470,17,1
470,66,2
470,86,3
470,2,1
470,104,1
470,130,5
470,79,2
470,40,5
470,106,5
470,141,1
470,33,4
470,42,2
471,83,1
471,27,4
471,125,4
471,8,3
471,113,1
471,134,4
471,63,2
471,76,3
471,101,1
471,126,5
471,89,2
471,98,4
471,130,4
471,95,2
471,90,4
471,14,1
471,37,4
471,4,5
471,121,2
471,65,1
472,125,2
472,120,4
472,87,1
472,23,1
472,106,5
472,59,4
472,88,5
472,62,3
472,100,5
472,31,2
472,135,5
472,28,2
472,20,4
472,50,1
472,60,1
472,81,1
472,7,2
472,38,3
472,107,5
472,76,3
473,90,5
473,73,3
473,100,3
473,57,1
473,86,2
473,11,4
473,21,4
473,58,1
473,88,3
473,12,4
473,27,2
473,121,1
473,96,2
473,13,5
473,66,1
473,52,3
473,71,2
473,108,3
473,114,3
473,24,5
474,77,4
474,119,1
474,109,2
474,110,4
474,65,2
474,87,2
474,98,5
474,93,1
474,37,5
474,44,1
474,39,4
474,30,5
474,120,2
474,40,5
474,63,2
474,73,4
474,41,1
474,69,1
474,45,2
474,53,2
475,95,1
475,130,5
475,21,2
475,101,4
475,89,4
475,128,3
475,121,4
475,41,3
475,137,4
475,126,1
475,39,5
475,75,3
475,10,2
475,70,1
475,92,2
475,18,4
475,5,4
475,34,2
475,52,3
475,62,1
476,10,3
476,37,5
476,82,1
476,128,5
476,45,5
476,77,4
476,52,2
476,125,4
476,76,5
476,5,1
476,138,2
476,96,2
476,84,2
476,34,4
476,40,4
476,87,1
476,61,2
476,114,5
476,132,2
476,55,1
477,21,3
477,141,4
477,10,1
477,36,3
477,28,2
477,68,5
477,45,4
477,6,2
477,41,5
477,30,3
477,11,2
477,44,5
477,86,4
477,122,5
477,137,4
477,16,3
477,20,1
477,123,4
477,32,3
477,18,4
478,137,4
478,70,5
478,37,5
478,140,3
478,4,4
478,61,4
478,56,5
478,43,4
478,97,5
478,49,3
478,129,2
478,58,1
478,117,5
478,96,4
478,122,1
478,33,5
478,7,1
478,84,3
478,139,3
478,92,4
479,62,2
479,37,3
479,122,4
479,73,4
479,16,1
479,43,1
479,135,4
479,78,2
479,33,2
479,105,4
479,94,2
479,71,1
479,84,3
479,14,5
479,74,1
479,132,5
479,109,2
479,103,4
479,57,1
479,36,1
480,26,5
480,72,5
480,71,5
480,42,4
480,6,3
480,119,5
480,89,4
480,61,1
480,53,1
480,81,5
480,51,3
480,134,2
480,5,1
480,124,3
480,3,2
480,15,2
480,103,4
480,111,3
480,102,1
480,97,2
481,121,4
481,86,4
481,133,2
481,137,5
481,60,1
481,136,2
481,30,1
481,29,2
481,116,2
481,1,5
481,44,2
481,144,5
481,99,2
481,114,2
481,94,5
481,58,4
481,38,5
481,66,3
481,88,5
481,8,1
482,77,4
482,88,4
482,48,4
482,78,5
482,51,4
482,49,2
482,97,1
482,115,3
482,80,4
482,82,5
482,79,5
482,5,2
482,102,4
482,4,5
482,54,4
482,59,1
482,13,4
482,131,5
482,24,3
482,20,3
483,35,2
483,62,4
483,34,3
483,104,1
483,18,1
483,16,3
483,30,5
483,54,3
483,73,1
483,12,3
483,67,1
483,115,1
483,136,5
483,50,2
483,128,4
483,140,2
483,46,2
483,135,5
483,125,5
483,10,1
484,68,4
484,49,4
484,90,2
484,23,3
484,120,4
484,134,5
484,42,4
484,1,3
484,135,1
484,108,2
484,118,2
484,30,3
484,12,4
484,115,3
484,9,3
484,142,4
484,101,3
484,39,2
484,70,5
484,95,2
485,93,1
485,64,3
485,133,1
485,44,2
485,104,4
485,59,4
485,32,1
485,115,1
485,53,4
485,39,4
485,90,1
485,42,2
485,7,5
485,24,1
485,57,2
485,139,1
485,8,4
485,33,4
485,25,5
485,137,2
486,35,1
486,34,2
486,9,4
486,92,5
486,13,3
486,125,2
486,77,4
486,101,5
486,51,5
486,137,2
486,6,2
486,138,4
486,36,3
486,112,2
486,115,3
486,1,2
486,81,4
486,44,1
486,127,4
486,94,5
487,9,2
487,40,4
487,100,2
487,48,1
487,17,2
487,103,5
487,7,5
487,144,4
487,87,5
487,121,4
487,111,5
487,106,3
487,130,5
487,36,4
487,25,4
487,21,2
487,68,2
487,105,2
487,83,1
487,46,3
488,60,5
488,3,4
488,25,3
488,125,1
488,140,2
488,67,2
488,68,3
488,141,3
488,95,1
488,103,5
488,51,1
488,69,1
488,13,4
488,82,3
488,91,3
488,99,2
488,7,4
488,64,3
488,90,2
488,50,5
489,86,5
489,105,3
489,5,4
489,126,3
489,93,2
489,130,5
489,97,3
489,109,4
489,141,2
489,82,4
489,123,4
489,114,1
489,44,1
489,15,5
489,83,1
489,71,2
489,119,1
489,125,3
489,110,2
489,115,1
490,138,5
490,86,5
490,53,1
490,20,4
490,41,4
490,87,5
490,27,5
490,68,5
490,12,5
490,104,2
490,50,1
490,42,5
490,103,4
490,92,5
490,60,4
490,55,5
490,13,4
490,39,3
490,82,5
490,80,4
491,2,5
491,14,5
491,111,1
491,109,3
491,108,2
491,5,5
491,54,3
491,68,4
491,131,1
491,69,1
491,143,3
491,133,5
491,116,4
491,107,3
491,130,5
491,21,4
491,118,3
491,85,2
491,83,2
491,49,3
492,130,5
492,110,4
492,76,3
492,50,5
492,77,2
492,127,5
492,65,4
492,41,5
492,71,1
492,46,5
492,88,4
492,121,4
492,125,4
492,120,2
492,12,5
492,128,5
492,28,1
492,141,5
492,37,2
492,126,5
493,135,3
493,72,5
493,88,1
493,58,4
493,90,1
493,27,1
493,104,3
493,49,4
493,100,4
493,54,4
493,143,3
493,86,4
493,114,5
493,94,2
493,74,1
493,21,1
493,91,5
493,17,3
493,6,2
493,32,2
494,13,1
494,139,4
494,144,5
494,48,5
494,110,2
494,56,3
494,125,5
494,35,3
494,118,1
494,43,4
494,65,3
494,68,3
494,7,2
494,92,1
494,36,5
494,82,2
494,99,3
494,3,4
494,26,2
494,64,4
495,44,2
495,54,4
495,53,5
495,10,5
495,121,3
495,72,2
495,95,1
495,100,1
495,7,2
495,70,1
495,114,1
495,40,4
495,142,1
495,141,2
495,50,4
495,132,3
495,84,5
495,12,3
495,75,3
495,22,2
496,69,5
496,37,2
496,47,5
496,126,5
496,129,5
496,75,1
496,127,5
496,93,2
496,82,3
496,90,3
496,131,4
496,81,5
496,2,1
496,135,5
496,34,4
496,42,5
496,18,5
496,83,1
496,26,4
496,52,3
497,9,4
497,135,2
497,55,4
497,34,3
497,90,2
497,27,5
497,113,4
497,31,2
497,99,1
497,50,5
497,18,1
497,45,3
497,88,4
497,47,2
497,139,3
497,140,3
497,37,4
497,67,4
497,60,5
497,108,2
498,50,3
498,121,1
498,138,2
498,5,5
498,58,1
498,65,2
498,89,2
498,98,4
498,56,1
498,59,1
498,77,3
498,15,4
498,85,5
498,34,2
498,24,4
498,51,3
498,88,2
498,117,1
498,66,4
498,115,1
499,90,1
499,5,2
499,3,5
499,57,5
499,58,2
499,77,3
499,38,1
499,61,1
499,109,4
499,134,5
499,115,2
499,28,4
499,76,4
499,123,1
499,60,5
499,44,2
499,4,1
499,126,2
499,129,1
499,136,4
500,125,1
500,140,3
500,101,5
500,37,5
500,78,2
500,73,2
500,72,5
500,124,1
500,76,4
500,34,4
500,20,1
500,45,4
500,70,2
500,35,5
500,133,1
500,36,4
500,3,2
500,27,4
500,59,3
500,71,2
